Time (sec),AF Correction 1 (%),AF Learning 1 (%),AF Sens 1 Ratio (AFR),Accel. Position (%),Boost (PSI),Calculated Load (g/rev),Coolant Temp (° F),Dyn. Adv. Mult (DAM),Feedback Knock (°),Fine Knock Learn (°),Fuel Pressure (PSI),Ignition Timing (°),Intake Temp (° F),Intake Temp Manifold (° F),MAF Corr. (g/s),MAF Volt. (V),Oil Temp (° F),RPM (RPM),TD Boost Error (PSI),TGV Map Ratio (mult),Throttle Pos. (%),Wastegate Duty (%),AP Info:[AP3-SUB-004 v1.7.2.0-11341][2016 USDM WRX (MT)][Reflash: 16 WRX Stage1 daniel w 93 rev1.ptm - Realtime: 16 WRX Stage1 daniel w 93 rev1.ptm]
0,4.69,3.12,14.66,27.1,-0.11,1.02,196,1,0,0,1619.1,14.5,63,86,36.15,2.4,200,2103,3.74,1,25,20.39,0
0.002,5.47,3.12,14.65,27.1,0.04,1.03,196,1,0,0,1612.9,14.5,63,86,36.49,2.42,200,2098,3.56,1,25,20.39,0
0.005,5.47,3.12,14.7,27.1,0.01,1.05,196,1,0,0,1637.1,14.5,63,84,36.79,2.42,200,2096,3.51,1,25,20.39,0
0.008,5.47,3.12,14.7,27.5,0.12,1.05,196,1,0,0,1635,14,63,84,37.09,2.42,200,2099,3.57,1,26,20.39,0
0.01,5.47,3.12,14.7,27.5,0.12,1.05,196,1,0,0,1669.7,14,63,84,37.32,2.42,200,2108,3.6,1,26,20.39,0
0.011,5.47,3.12,14.69,27.8,0.15,1.06,196,1,0,0,1641.6,14,63,84,37.63,2.42,200,2113,3.6,1,26,20.39,0
0.034,5.47,3.12,14.7,27.8,0.21,1.06,196,1,0,0,1648.2,13.5,63,84,38.02,2.44,200,2131,3.7,1,26,21.18,0
0.108,5.47,3.12,14.72,28.6,0.31,1.09,196,1,0,0,1624.3,13,63,84,39.17,2.44,200,2145,3.97,1,27,21.57,0
0.112,6.25,3.12,14.67,30.2,0.42,1.1,196,1,0,0,1622.1,12,63,84,39.71,2.48,200,2150,4.37,1,28,25.49,0
0.114,6.25,3.12,14.64,32.2,0.51,1.11,196,1,0,0,1651.4,12,63,84,40.18,2.48,200,2150,4.92,1,28,25.49,0
0.125,6.25,3.12,14.62,33.3,0.53,1.12,196,1,0,0,1682,12,63,84,40.51,2.48,200,2147,5.34,1,28,25.49,0
0.164,6.25,3.12,14.57,35.7,0.81,1.14,196,1,0,0,1710.4,12,63,84,41.32,2.54,200,2147,5.34,1,31,31.76,0
0.166,6.25,3.12,14.52,36.5,0.93,1.15,196,1,0,0,1730.4,12,63,84,41.83,2.54,200,2147,5.59,1,31,31.76,0
0.2,6.25,3.12,14.46,42.4,1.31,1.2,196,1,0,0,1742.3,11,63,82,43.73,2.58,200,2160,6.21,1,35,37.25,0
0.212,6.25,3.12,14.42,47.1,1.74,1.22,196,1,0,0,1712.7,11,63,82,44.42,2.58,200,2177,6.9,1,35,37.25,0
0.245,5.47,3.12,14.46,53.7,1.78,1.27,196,1,0,0,1789.5,10.5,63,82,46.3,2.62,200,2189,7.37,1,52,42.35,0
0.274,5.47,3.12,14.38,62,2.3,1.29,196,1,0,0,1787.4,9,63,82,47.7,2.68,200,2199,8.23,1,100,50.98,0
0.278,5.47,3.12,14.33,70.2,2.46,1.31,196,1,0,0,1788.2,9,63,82,48.36,2.68,200,2204,9.3,1,100,50.98,0
0.3,6.25,3.12,14.38,78,2.87,1.34,196,1,0,0,1752.6,8.5,63,82,49.75,2.64,200,2208,10.57,1,100,61.18,0
0.311,6.25,3.12,14.33,86.3,2.78,1.36,196,1,0,0,1824.9,8.5,63,82,50.19,2.64,200,2209,11.18,1,100,61.18,0
0.334,6.25,3.12,14.32,90.6,2.73,1.37,196,1,0,0,1866.5,8.5,63,82,49.94,2.64,200,2210,11.24,1,100,61.18,0
0.352,6.25,3.12,14.29,98.8,2.97,1.38,196,1,0,0,1786.9,8,63,82,51.71,2.68,200,2211,11.01,1,100,66.27,0
0.364,6.25,3.12,14.22,100,2.97,1.38,196,1,0,0,1820.9,8,63,82,51.46,2.68,200,2214,11.01,1,100,66.27,0
0.382,6.25,3.12,14.15,100,3.28,1.4,196,1,0,0,1840.9,8,63,82,52.28,2.7,200,2218,11.03,1,100,66.67,0
0.394,6.25,3.12,14.2,100,3.14,1.41,196,1,0,0,1769.3,8,63,82,52.51,2.7,200,2226,10.87,1,100,66.67,0
0.411,6.25,3.12,14.19,100,3.11,1.42,196,1,0,0,1781,8,63,82,52.21,2.7,200,2230,10.95,1,100,66.67,0
0.423,6.25,3.12,14.14,100,3.5,1.44,196,1,0,0,1836.7,7.5,63,81,54,2.72,200,2244,10.95,1,100,66.27,0
0.442,6.25,3.12,14.09,100,3.35,1.44,196,1,-1.41,0,1858.3,7.5,63,81,53.77,2.72,200,2252,10.76,1,100,66.27,0
0.454,6.25,3.12,14.02,100,3.33,1.44,196,1,-1.41,0,1857.6,7.5,63,81,54.61,2.72,200,2257,10.83,1,100,66.27,0
0.466,6.25,3.12,13.9,100,3.51,1.45,196,1,-1.41,0,1855.7,6,63,81,55.46,2.78,200,2257,10.65,1,100,65.88,0
0.489,6.25,3.12,13.9,100,3.53,1.47,196,1,-1.41,0,1717.1,6,63,81,56.08,2.78,200,2260,10.65,1,100,65.88,0
0.503,6.25,3.12,14.02,100,3.91,1.45,196,1,-1.41,0,1824.4,5.5,63,81,56.74,2.78,200,2264,10.64,1,100,65.88,0
0.516,6.25,3.12,14.02,100,3.76,1.49,196,1,-1.41,0,1740.6,5.5,63,81,55.99,2.78,200,2268,10.43,1,100,65.88,0
0.532,6.25,3.12,13.99,100,3.82,1.49,196,1,-1.41,0,1773.3,5.5,63,81,57.48,2.78,200,2271,10.4,1,100,65.88,0
0.544,6.25,3.12,13.98,100,4.17,1.5,196,1,-1.41,0,1801.6,5.5,63,81,57.34,2.82,200,2277,10.4,1,100,65.88,0
0.566,6.25,3.12,14.04,100,4.04,1.53,196,1,-1.41,0,1799.1,5.5,63,81,59.13,2.82,200,2285,10.26,1,100,65.88,0
0.57,6.25,3.12,13.99,100,4.45,1.51,196,1,-1.41,0,1837.8,5.5,63,81,58.27,2.82,200,2295,10.25,1,100,65.88,0
0.583,7.81,3.12,13.91,100,4.28,1.56,196,1,-1.41,0,1817.4,4,63,81,60.39,2.82,200,2296,10.05,1,100,65.49,0
0.595,7.81,3.12,13.89,100,4.24,1.55,196,1,-1.41,0,1689.7,4,63,81,59.92,2.82,200,2312,10.05,1,100,65.49,0
0.617,7.81,3.12,13.96,100,4.7,1.59,196,1,-1.41,0,1730.4,4,63,81,61.71,2.8,200,2316,10.15,1,100,65.1,0
0.635,7.81,3.12,13.87,100,4.42,1.58,196,1,-1.41,0,1794.5,4,63,81,61.41,2.8,200,2322,10.01,1,100,65.1,0
0.649,7.81,3.12,13.82,100,4.61,1.6,196,1,-1.41,0,1833.8,4,63,81,61.35,2.8,200,2324,9.95,1,100,65.1,0
0.664,7.81,3.12,13.79,100,4.71,1.62,196,1,-1.41,0,1863.9,4.5,63,81,62.75,2.82,200,2327,9.95,1,100,65.1,0
0.676,7.81,3.12,13.63,100,4.79,1.6,196,1,-1.41,0,1842,4.5,63,81,63.35,2.82,200,2329,9.74,1,100,65.1,0
0.704,6.25,3.12,13.59,100,4.9,1.66,196,1,-1.41,0,1908.2,4.5,63,81,63.72,2.84,200,2331,9.55,1,100,65.49,0
0.717,6.25,3.12,13.48,100,5.07,1.69,196,1,-1.41,0,1828.7,4.5,63,79,65.91,2.84,200,2336,9.12,1,100,65.49,0
0.729,6.25,3.12,13.35,100,5.14,1.67,196,1,-1.41,0,1836.3,4.5,63,79,65.41,2.84,200,2350,9.38,1,100,65.49,0
0.751,6.25,2.34,13.4,100,5.29,1.69,196,1,-1.41,0,1899.8,4.5,63,79,65.72,2.92,200,2357,9.28,1,100,64.71,0
0.768,6.25,2.34,13.39,100,5.45,1.71,196,1,-1.41,0,1905.9,4.5,63,79,68.34,2.92,200,2365,9.28,1,100,64.71,0
0.78,7.03,1.56,13.34,100,5.49,1.69,196,1,-1.41,0,1906.6,4.5,63,79,66.82,3.02,200,2371,9.15,1,100,63.53,0
0.792,7.03,1.56,13.17,100,5.96,1.73,196,1,-1.41,0,1871,4.5,63,79,69.06,3.02,200,2379,9.16,1,100,63.53,0
0.804,7.03,1.56,13.21,100,5.89,1.71,196,1,-1.41,0,1838.2,4.5,63,79,68.3,3.02,200,2384,8.79,1,100,63.53,0
0.827,6.25,1.56,13.2,100,5.73,1.76,196,1,-1.41,0,1817.7,4.5,63,79,70.22,3.08,200,2385,8.79,1,100,62.75,0
0.856,6.25,1.56,13.04,100,6.34,1.72,196,1,-1.41,0,1859.2,4.5,63,79,70.09,3.08,200,2388,8.86,1,100,62.75,0
0.858,6.25,1.56,13.08,100,5.99,1.76,196,1,-1.41,0,1852.3,4.5,63,79,70.29,3.08,200,2398,8.37,1,100,62.75,0
0.873,6.25,1.56,13.05,100,6.17,1.76,196,1,-1.41,0,1956.7,4.5,63,79,70.94,3.04,200,2404,8.68,1,100,62.35,0
0.897,6.25,1.56,12.89,100,6.71,1.77,196,1,-1.41,0,1795.8,4.5,63,79,71.7,3.04,200,2407,8.61,1,100,62.35,0
0.902,5.47,1.56,13,100,6.35,1.78,196,1,-1.41,0,1845.5,5,63,79,72.07,2.94,200,2419,8.47,1,100,61.96,0
0.916,5.47,1.56,12.98,100,6.41,1.78,196,1,-1.41,0,1816.7,5,63,79,72.64,2.94,200,2427,8.47,1,100,61.96,0
0.939,5.47,1.56,12.88,100,6.62,1.8,196,1,-1.41,0,1864.7,5,63,79,72.83,2.94,200,2431,8.24,1,100,61.96,0
0.954,5.47,1.56,12.83,100,6.69,1.8,196,1,-1.41,0,1891.9,5,63,79,74.92,2.98,200,2434,7.83,1,100,61.57,0
0.967,5.47,1.56,12.89,100,6.78,1.81,196,1,-1.41,0,1911.5,5,63,77,73.98,2.98,200,2442,7.83,1,100,61.57,0
0.983,5.47,0.78,12.72,100,6.85,1.82,196,1,-1.41,0,1892.7,4.5,63,77,75.76,3.12,200,2446,8.14,1,100,61.18,0
0.995,5.47,0.78,12.82,100,7.38,1.84,196,1,-1.41,0,1948.3,4.5,63,77,75.76,3.12,200,2454,7.57,1,100,61.18,0
1.013,5.47,0.78,12.86,100,7.43,1.85,196,1,-1.41,0,1977.4,4.5,63,77,76.86,3.12,200,2454,7.54,1,100,61.18,0
1.025,5.47,0,12.66,100,7.17,1.86,196,1,-1.41,0,1863.9,4,63,77,76.23,3.16,200,2455,7.54,1,100,61.18,0
1.049,5.47,0,12.58,100,7.29,1.85,196,1,-1.41,0,1812.4,4,63,77,76.71,3.16,200,2462,7.81,1,100,61.18,0
1.051,5.47,0,12.61,100,7.89,1.86,196,1,-1.41,0,1797.1,4,63,77,77.02,3.16,200,2476,7.75,1,100,61.18,0
1.064,4.69,0,12.75,100,7.44,1.91,196,1,-1.41,0,1790.9,4,63,77,79.01,3.04,200,2482,7.64,1,100,60.78,0
1.078,4.69,0,12.66,100,7.5,1.86,196,1,-1.41,0,1838.4,4,63,77,78.76,3.04,200,2493,7.64,1,100,60.78,0
1.09,4.69,0,12.74,100,7.66,1.91,196,1,-1.41,0,1887,3.5,63,77,79.36,3.1,200,2502,7.48,1,100,60.78,0
1.118,4.69,0,12.75,100,8.3,1.93,196,1,-1.41,0,1841.8,3.5,63,77,80.66,3.1,200,2508,7.53,1,100,60.78,0
1.122,4.69,0,12.58,100,7.84,1.93,196,1,-1.41,0,1875.1,3.5,63,77,80.1,3.1,200,2516,7.53,1,100,60.78,0
1.136,4.69,0,12.66,100,7.91,1.94,196,1,-1.41,0,1927.4,3.5,63,77,81.61,3.24,200,2514,7.39,1,100,60.39,0
1.149,4.69,0,12.75,100,8.39,1.91,196,1,-1.41,0,1933,3.5,63,77,82.13,3.24,200,2519,6.88,1,100,60.39,0
1.173,4.69,0,12.66,100,8.79,1.94,196,1,-1.41,0,1894.9,3.5,63,77,81.79,3.24,200,2528,6.86,1,100,60.39,0
1.185,6.25,0,12.64,100,8.53,1.98,196,1,-1.41,0,1905.7,3,63,77,84.25,3.1,200,2529,6.86,1,100,60.39,0
1.197,6.25,0,12.83,100,8.42,1.94,196,1,-1.41,0,1837.8,3,63,77,82.44,3.1,200,2538,6.76,1,100,60.39,0
1.209,6.25,0,12.83,100,8.4,1.99,196,1,-1.41,0,1919.5,3,63,75,84.53,3.1,200,2545,6.92,1,100,60.39,0
1.231,6.25,0,12.58,100,8.83,1.95,196,1,-1.41,0,1795.6,2.5,63,75,84.32,3.2,200,2553,6.55,1,100,60,0
1.249,6.25,0,12.61,100,9.26,1.98,196,1,-1.41,0,1785.5,2.5,63,75,85.46,3.2,200,2564,6.55,1,100,60,0
1.261,6.25,0,12.64,100,9.08,2,196,1,-1.41,0,1800.2,2.5,61,75,86.67,3.26,200,2569,6.16,1,100,59.61,0
1.273,6.25,0,12.42,100,8.94,1.98,196,1,-1.41,0,1827.1,2.5,61,75,85.83,3.26,200,2580,6.57,1,100,59.61,0
1.285,6.25,0,12.5,100,9.27,2,196,1,-1.41,0,1797.2,2.5,61,75,86.9,3.26,200,2585,6.24,1,100,59.61,0
1.31,5.47,0,12.6,100,9.33,2,196,1,-1.41,0,1980.2,2.5,61,75,87.24,3.14,200,2596,6.25,1,100,58.82,0
1.322,5.47,0,12.38,100,9.69,2,196,1,-1.41,0,1848.7,2.5,61,75,88.17,3.14,200,2598,6.25,1,100,58.82,0
1.334,5.47,0,12.47,100,9.7,2.04,196,1,-1.41,0,1783.7,2.5,61,75,89.33,3.34,200,2602,5.88,1,100,58.82,0
1.358,5.47,0,12.58,100,9.46,2.04,196,1,-1.41,0,1802.8,2.5,61,75,88.65,3.34,200,2600,6.11,1,100,58.82,0
1.362,5.47,0,12.45,100,9.73,2.06,196,1,-1.41,0,1858.3,2.5,61,75,89.6,3.34,200,2609,6.11,1,100,58.82,0
1.376,5.47,0,12.47,100,10.46,2.06,196,1,-1.41,0,1773.4,2.5,61,75,90.03,3.2,200,2627,5.65,1,100,58.82,0
1.396,5.47,0,12.53,100,10.38,2.08,196,1,-1.41,0,1760.4,2.5,61,75,91.83,3.2,200,2630,5.23,1,100,58.82,0
1.412,5.47,0,12.4,100,10.05,2.06,196,1,-1.41,0,1820.9,2.5,61,75,91.88,3.2,200,2644,5.53,1,100,58.82,0
1.418,5.47,0,12.46,100,10.12,2.08,196,1,-1.41,0,1836.6,3,61,75,91.96,3.38,200,2655,5.53,1,100,58.04,0
1.432,5.47,0,12.49,100,10.39,2.08,196,1,-1.05,0,1816.3,3,61,75,92.66,3.38,200,2659,5.68,1,100,58.04,0
1.456,5.47,0,12.4,100,10.6,2.11,196,1,-1.05,0,1867.6,3,61,75,93.95,3.38,200,2660,5.22,1,100,58.04,0
1.475,6.25,0,12.48,100,11.15,2.11,196,1,-1.05,0,1816.2,2.5,61,75,94.49,3.22,200,2660,4.67,1,100,58.04,0
1.479,6.25,0,12.45,100,11.06,2.13,196,1,-1.05,0,1823.8,2.5,61,75,95.54,3.22,200,2663,4.67,1,100,58.04,0
1.492,7.03,0,12.29,100,10.91,2.12,196,1,-1.05,0,1870.4,2.5,61,73,95.99,3.4,200,2672,4.78,1,100,58.04,0
1.518,7.03,0,12.38,100,11.1,2.13,196,1,-1.05,0,1924.6,2.5,61,73,95.81,3.4,200,2684,5.15,1,100,58.04,0
1.55,7.03,0,12.38,100,11.29,2.15,196,1,-1.05,0,1994.4,2.5,61,73,97.04,3.3,200,2704,4.82,1,100,57.65,0
1.554,7.03,0,12.21,100,11.42,2.2,196,1,-1.05,0,1968.1,2.5,61,73,99.68,3.3,200,2717,4.62,1,100,57.65,0
1.567,7.03,0,12.27,100,11.88,2.17,196,1,-1.05,0,1910.8,2.5,61,73,98.94,3.3,200,2728,4.12,1,100,57.65,0
1.588,7.03,0,12.17,100,11.82,2.16,196,1,-1.05,0,1952.2,2.5,61,73,98.97,3.36,200,2730,4.29,1,100,57.25,0
1.609,7.03,0,12.22,100,11.59,2.2,196,1,-1.05,0,1956.4,2.5,61,73,100.31,3.36,200,2735,4.29,1,100,57.25,0
1.611,7.03,0,12.23,100,11.61,2.19,196,1,-1.05,0,1929.9,2.5,61,73,100.41,3.36,200,2736,4.53,1,100,57.25,0
1.623,7.03,0,12.16,100,11.76,2.21,196,1,-1.05,0,1950.8,2,61,73,101.94,3.5,200,2739,4.39,1,100,56.86,0
1.636,7.03,0,12.29,100,12,2.21,196,1,-1.05,0,2012.1,2,61,73,101.23,3.5,200,2752,4.39,1,100,56.86,0
1.648,7.81,0,12.36,100,12.25,2.22,196,1,-1.05,0,1992.8,2.5,61,73,102.17,3.38,200,2758,4.02,1,100,56.86,0
1.683,7.81,0,12.17,100,12.95,2.22,196,1,-1.05,0,1976.3,2.5,61,73,103.15,3.38,200,2768,3.32,1,100,56.86,0
1.702,7.81,0,12.31,100,12.85,2.24,198,1,-1.05,0,2027.7,2.5,61,73,103.8,3.44,200,2785,3.39,1,100,56.47,0
1.714,7.81,0,12,100,12.75,2.22,198,1,-1.05,0,2071.1,2.5,61,73,105.19,3.44,200,2788,3.5,1,100,56.47,0
1.735,7.81,0,12.03,100,12.7,2.26,198,1,-1.05,0,1976.5,2.5,61,73,106.44,3.44,200,2793,3.68,1,100,56.47,0
1.74,7.03,0,12.13,100,12.74,2.28,198,1,-1.05,0,2043.8,2.5,61,73,107.55,3.58,200,2808,3.68,1,100,56.47,0
1.757,7.03,0,12,100,12.79,2.3,198,1,-1.05,0,1929.9,2.5,61,73,109.01,3.58,200,2816,3.71,1,100,56.47,0
1.769,7.03,0,12.12,100,13.16,2.3,198,1,-1.05,0,1891.5,2.5,61,73,109.23,3.58,200,2823,3.55,1,100,56.47,0
1.782,8.59,0,12.18,100,13.56,2.33,198,1,-1.05,0,1875.2,2.5,61,72,110.34,3.52,200,2830,3.03,1,100,56.08,0
1.804,8.59,0,12.06,100,13.43,2.34,198,1,-1.05,0,1910.7,2.5,61,72,111.06,3.52,200,2845,3.03,1,100,56.08,0
1.816,8.59,0,12.13,100,14.22,2.35,198,1,-1.05,0,1854.3,2,61,72,112.18,3.48,200,2848,3.26,1,100,56.08,0
1.829,8.59,0,12.09,100,14.38,2.37,198,1,-1.05,0,1864.6,2,61,72,111.58,3.48,200,2856,2.37,1,100,56.08,0
1.843,8.59,0,11.89,100,14.41,2.34,198,1,-1.05,0,2049.7,2,61,72,113.47,3.48,200,2859,2.37,1,100,56.08,0
1.859,7.81,0,12.03,100,14.51,2.37,198,1,-1.05,0,2050.8,3,61,72,113.99,3.54,200,2866,2.37,1,100,56.08,0
1.882,7.81,0,11.84,100,14.45,2.39,198,1,-1.05,0,2153.6,3,61,72,115.17,3.54,200,2876,2.32,1,100,56.08,0
1.898,7.81,0,11.79,100,14.44,2.4,198,1,-1.05,0,2090.7,3,61,72,117.97,3.54,200,2893,2.49,1,100,56.08,0
1.903,7.81,0,11.87,100,14.47,2.42,198,1,-1.05,0,2137.3,2,61,72,117.55,3.6,200,2900,2.61,1,100,56.08,0
1.916,7.81,0,11.62,100,14.47,2.44,198,1,-1.05,0,2104.8,2,61,72,119.14,3.6,200,2907,2.61,1,100,56.08,0
1.947,7.03,0,11.78,100,14.56,2.44,198,1,-1.05,0,2036.9,1,61,72,120.51,3.7,200,2909,2.55,1,100,56.08,0
1.961,7.03,0,11.73,100,14.72,2.47,198,1,-1.05,0,2207.8,1,61,72,120.54,3.7,200,2921,2.55,1,100,56.08,0
1.973,7.03,0,11.72,100,14.95,2.5,198,1,-1.05,0,2063.6,0.5,61,72,122.1,3.72,200,2930,2.47,1,100,56.08,0
1.998,7.03,0,11.65,100,15.05,2.5,198,1,-1.05,0,2035.2,0.5,61,72,122.04,3.72,200,2937,2.3,1,100,56.08,0
2.01,7.03,0,11.5,100,15.14,2.48,198,1,-1.05,0,2080.3,0.5,61,72,124.22,3.72,200,2946,2.21,1,100,56.08,0
2.028,6.25,0,11.71,100,15.35,2.51,198,1,-1.05,0,2074.1,0.5,61,72,123.79,3.72,200,2963,2.21,1,100,56.08,0
2.04,6.25,0,11.73,100,15.46,2.52,198,1,-1.05,0,2004.1,0.5,61,72,125.9,3.72,200,2964,2.11,1,100,56.08,0
2.052,6.25,0,11.57,100,15.73,2.52,198,1,-1.05,0,2043.6,0.5,61,72,125.64,3.72,200,2966,1.92,1,100,56.08,0
2.064,7.03,0,11.85,100,15.9,2.55,198,1,-1.05,0,2167.9,-0.5,61,72,125.84,3.72,200,2973,1.62,1,100,56.08,0
2.079,7.03,0,11.83,100,16.17,2.53,198,1,-1.05,0,2226.9,-0.5,61,72,127.29,3.72,200,2994,1.62,1,100,56.08,0
2.094,7.81,0,11.79,100,16.28,2.56,198,1,-1.05,0,2159.9,0,59,72,128.26,3.74,200,2995,1.49,1,100,55.69,0
2.108,7.81,0,11.93,100,16.47,2.57,198,1,-1.05,0,2122.2,0,59,72,129.63,3.74,200,3010,1.37,1,100,55.69,0
2.13,7.81,0,11.84,100,16.75,2.56,198,1,-1.05,0,2064.2,0,59,72,128.52,3.74,200,3009,1.15,1,100,55.69,0
2.142,8.59,0,11.96,100,16.86,2.6,198,1,-1.05,0,2185.5,-1.5,59,72,130.56,3.78,200,3020,0.97,1,100,54.51,0
2.168,8.59,0,11.88,100,16.96,2.57,198,1,-1.05,0,2229.2,-1.5,59,70,131.76,3.78,200,3028,0.97,1,100,54.51,0
2.18,8.59,0,11.88,100,17.05,2.62,198,1,-1.05,0,2173,-1,59,70,131.27,3.8,200,3038,0.93,1,100,54.51,0
2.198,8.59,0,11.93,100,17.27,2.61,198,1,-1.05,0,2122,-1,59,70,134.05,3.8,200,3055,0.86,1,100,54.51,0
2.211,8.59,0,11.76,100,17.33,2.65,198,1,-1.05,0,2051.9,-1,59,70,134.83,3.8,200,3059,0.76,1,100,54.51,0
2.223,9.38,0,11.84,100,17.57,2.64,198,1,-1.05,0,2026.3,-1,59,70,136.57,3.86,200,3072,0.76,1,100,54.12,0
2.234,9.38,0,11.88,100,17.71,2.68,198,1,-1.05,0,1972.7,-1,59,70,136.23,3.86,200,3077,0.6,1,100,54.12,0
2.258,9.38,0,11.72,100,17.91,2.68,198,1,-1.05,0,2240.1,-1,59,70,138.08,3.86,200,3085,0.44,1,100,54.12,0
2.279,9.38,0,11.89,100,18.19,2.64,198,1,-1.05,0,2163.2,-1,59,70,137.03,3.92,200,3102,0.28,1,100,54.12,0
2.281,9.38,0,11.66,100,18.28,2.68,198,1,-1.05,0,2055.7,-1,59,70,139.63,3.92,200,3108,0.28,1,100,54.12,0
2.294,9.38,0,11.83,100,18.55,2.68,198,1,-1.05,0,2100.4,-1.5,59,70,138.93,3.88,200,3113,0.13,1,100,54.12,0
2.318,9.38,0,11.58,100,19.06,2.7,198,1,-1.05,0,2065.5,-1.5,59,70,141.46,3.88,200,3134,-0.03,1,100,54.12,0
2.344,8.59,0,11.6,100,19.32,2.73,196,1,-1.05,0,2032.9,-1.5,59,70,143.73,3.9,200,3135,-1,1,100,52.94,0
2.357,8.59,0,11.56,100,20.1,2.73,196,1,-1.05,0,2260.5,-1.5,59,70,146.51,3.9,200,3138,-1.35,1,100,52.94,0
2.369,8.59,0,11.58,100,20.28,2.75,196,1,-1.05,0,2173.2,-1.5,59,70,144.79,3.9,200,3141,-1.68,1,100,52.94,0
2.381,8.59,0,11.66,100,20.56,2.79,196,1,-1.05,0,2049.7,-2,59,70,147.4,3.8,200,3145,-1.91,1,100,52.16,0
2.404,8.59,0,11.66,100,20.47,2.79,196,1,-1.05,0,2196.4,-2,59,70,150.89,3.8,200,3159,-1.73,1,100,52.16,0
2.416,9.38,0,11.78,100,20.33,2.84,196,1,-1.05,0,2208.9,-2,59,70,149.13,3.86,200,3167,-1.73,1,100,51.76,0
2.439,9.38,0,11.6,100,19.94,2.87,196,1,-1.05,0,2053.9,-2,59,70,153.45,3.86,200,3197,-1.06,1,100,51.76,0
2.457,9.38,0,11.6,100,19.87,2.86,196,1,-0.7,0,2085,-1.5,59,70,156.04,3.96,200,3219,-0.85,1,100,52.94,0
2.463,9.38,0,11.35,100,19.9,2.9,196,1,-0.7,0,2271.5,-1.5,59,70,155.67,3.96,200,3226,-0.9,1,100,52.94,0
2.485,9.38,0,11.37,100,20.05,2.9,196,1,-0.7,0,2232.4,-1.5,59,70,157.13,3.96,200,3243,-0.9,1,100,52.94,0
2.497,8.59,0,11.54,100,20.8,2.91,196,1,-0.7,0,2196.6,-1.5,59,70,156.57,3.96,200,3247,-2.22,1,100,50.59,0
2.51,8.59,0,11.33,100,20.36,2.92,196,1,-0.7,0,2129.7,-1.5,59,70,157.83,3.96,200,3235,-1.35,1,100,50.59,0
2.528,8.59,0,11.36,100,21.55,2.95,196,1,-0.7,0,2104.8,-1.5,59,70,157.34,3.96,200,3227,-1.35,1,100,50.59,0
2.547,7.03,0,11.41,100,21.69,2.94,196,1,-0.7,0,2041.5,-1.5,59,70,159.61,3.88,200,3232,-2.54,1,100,49.8,0
2.572,7.03,0,11.21,100,21.05,2.95,196,1,-0.7,0,2130.7,-1.5,59,70,160.29,3.88,200,3247,-2.64,1,100,49.8,0
2.584,7.03,0,11.39,100,21.34,2.92,196,1,-0.7,0,2107.5,-1.5,59,70,160.51,3.88,200,3265,-2.04,1,100,49.8,0
2.607,7.03,0,11.43,100,20.46,2.94,196,1,-0.7,0,2081.8,-1,59,70,162.35,3.96,200,3297,-1.58,1,100,50.59,0
2.619,7.03,0,11.51,100,21.59,2.95,196,1,-0.7,0,1999.2,-1,59,70,164.88,3.96,200,3328,-2.58,1,100,50.59,0
2.634,7.81,0,11.44,100,21.77,3,196,1,-0.7,0,2189.8,-1,59,70,166.48,3.98,200,3326,-2.75,1,100,49.02,0
2.645,7.81,0,11.49,100,21.89,2.97,196,1,-0.7,0,2173.6,-1,59,68,164.44,3.98,200,3326,-2.88,1,100,49.02,0
2.677,0,0,11.38,100,21.21,2.99,196,1,-0.7,0,2158.6,-1,59,68,167.68,3.94,200,3324,-2.88,1,100,48.24,0
2.678,0,0,11.49,100,21.24,2.95,196,1,-0.7,0,2118.1,-1,59,68,163.42,3.94,200,3322,-2.2,1,100,48.24,0
2.7,0,0,11.86,100,20.67,2.94,196,1,-0.7,0,2233.5,-1,59,68,162.93,3.98,200,3328,-1.72,1,100,50.59,0
2.712,0,0,12.04,100,21.72,2.99,196,1,-0.7,0,2193.4,-1,59,68,167.06,3.98,200,3336,-2.19,1,100,50.59,0
2.735,0,0,11.73,100,21.83,2.99,196,1,-0.7,0,2080.5,-1,59,68,166.78,3.98,200,3346,-2.82,1,100,50.59,0
2.754,0,0,11.93,100,21.24,2.99,196,1,-0.7,0,2253.1,-1,59,68,167.1,3.94,200,3358,-2.23,1,100,47.84,0
2.767,0,0,11.75,100,21.01,2.99,196,1,-0.7,0,2228.3,-1,59,68,168.96,3.94,200,3397,-2.23,1,100,47.84,0
2.783,0,0,11.85,100,20.51,2.96,196,1,-0.7,0,2064.2,-1,59,68,168.61,4,200,3409,-2,1,100,49.41,0
2.788,0,0,11.94,100,21.42,2.96,196,1,-0.7,0,2285,-1,59,68,168.56,4,200,3421,-2.15,1,100,49.41,0
2.802,0,0,11.78,100,21.57,2.95,196,1,-0.7,0,2204.6,-1,59,68,169.1,4,200,3426,-2.56,1,100,49.41,0
2.828,0,0,11.97,100,21.18,2.95,196,1,-0.7,0,2167.9,-1,59,68,169.51,3.9,200,3435,-2.56,1,100,47.84,0
2.844,0,0,11.87,100,21.22,2.96,196,1,-0.7,0,2283.8,-1,59,68,169.42,3.9,200,3425,-2.16,1,100,47.84,0
2.849,0,0,11.87,100,21.06,2.96,196,1,-0.7,0,2250.1,-1,59,68,170.44,4.06,200,3434,-2.21,1,100,48.63,0
2.864,0,0,11.7,100,21.29,2.95,196,1,-0.7,0,2182.4,-1,59,68,170.56,4.06,200,3443,-2.27,1,100,48.63,0
2.889,0,0,11.75,100,20.82,2.95,196,1,-0.7,0,2098.7,-1,59,68,168.1,4.06,200,3448,-2.27,1,100,48.63,0
2.9,0,0,11.69,100,20.99,2.94,196,1,-0.7,0,2234.3,-1,59,68,169.09,3.9,200,3466,-1.81,1,100,49.02,0
2.912,0,0,11.78,100,19.8,2.92,196,1,-0.7,0,2156.8,-1,59,68,170.84,3.9,200,3468,-1.97,1,100,49.02,0
2.939,0,0,11.81,100,21.06,2.92,196,1,-0.7,0,2274.6,-1,59,68,171.8,3.96,200,3489,-1.96,1,100,48.63,0
2.951,0,0,11.77,100,20.74,2.96,196,1,-0.7,0,2183.7,-1,59,68,170.06,3.96,200,3504,-1.73,1,100,48.63,0
2.963,0,0,11.78,100,20.37,2.95,196,1,-0.7,0,2021,-1,59,68,170.63,3.96,200,3514,-1.73,1,100,48.63,0
2.975,0,0,11.65,100,19.77,2.88,198,1,-0.7,0,2082.3,-1,59,68,170.15,4.02,200,3527,-1.36,1,100,49.41,0
2.999,0,0,11.66,100,20.82,2.88,198,1,-0.7,0,2068.9,-1,59,68,171.67,4.02,200,3539,-1.91,1,100,49.41,0
3.011,0,0,11.61,100,20.25,2.88,198,1,-0.7,0,2081.9,-1,59,68,169.84,4.02,200,3524,-1.24,1,100,49.41,0
3.029,0,0,11.66,100,20.45,2.9,198,1,-0.7,0,2242.1,-1,59,68,170.74,3.94,200,3528,-1.44,1,100,49.41,0
3.041,0,0,11.51,100,20.35,2.88,198,1,-0.7,0,2191.5,-1,59,68,169.43,3.94,200,3523,-1.44,1,100,49.41,0
3.053,0,0,11.54,100,20.58,2.94,198,1,-0.7,0,2076.6,-1,57,68,169.7,3.92,200,3527,-1.64,1,100,47.84,0
3.065,0,0,11.62,100,20.19,2.86,198,1,-0.7,0,2208.5,-1,57,68,169.49,3.92,200,3536,-1.84,1,100,47.84,0
3.091,0,0,11.53,100,19.32,2.84,198,1,-0.7,0,2105,-1,57,68,169.4,3.92,200,3564,-0.58,1,100,47.84,0
3.103,0,0,11.62,100,20.37,2.83,198,1,-0.7,0,2227.5,-1,57,68,170.94,3.94,200,3584,-0.58,1,100,49.02,0
3.122,0,0,11.67,100,19.73,2.83,198,1,-0.7,0,2199.4,-1,57,68,171.48,3.94,200,3599,-1.63,1,100,49.02,0
3.134,0,0,11.71,100,19.95,2.83,198,1,-0.7,0,2128.4,-1,57,68,171.39,3.94,200,3620,-0.99,1,100,49.02,0
3.157,0,0,11.63,100,20.36,2.83,198,1,-0.7,0,2271.3,-1,57,68,173.46,4.04,200,3621,-1.62,1,100,48.24,0
3.161,0,0,11.71,100,20.42,2.81,198,1,-0.7,0,2239.5,-1,57,68,171.68,4.04,200,3639,-1.62,1,100,48.24,0
3.183,0,0,11.41,100,19.68,2.82,198,1,-0.7,0,2268,-1,57,68,172.05,3.96,200,3646,-1.68,1,100,47.45,0
3.195,0,0,11.61,100,19.77,2.81,198,1,-0.7,0,2161.9,-1,57,68,171.65,3.96,200,3646,-0.36,1,100,47.45,0
3.212,0,0,11.52,100,19.88,2.81,198,1,-0.7,0,2107.7,-1,57,68,170.66,3.96,200,3645,-1.14,1,100,47.45,0
3.224,0,0,11.55,100,20.19,2.83,198,1,-0.7,0,2046.9,-1,57,68,170.88,3.94,200,3638,-1.14,1,100,47.84,0
3.245,0,0,11.5,100,19.69,2.81,198,1,-0.7,0,2194.6,-1,57,68,171.66,3.94,200,3639,-1.45,1,100,47.84,0
3.249,0,0,11.63,100,19.74,2.81,198,1,-0.7,0,2125.8,-1,57,68,171.09,3.94,200,3652,-0.92,1,100,47.84,0
3.263,0,0,11.61,100,19.85,2.81,198,1,-0.7,0,2333.2,-0.5,57,68,172.61,3.94,200,3669,-1,1,100,47.84,0
3.275,0,0,11.59,100,19.85,2.77,198,1,-0.7,0,2269.9,-0.5,57,68,171.21,3.94,200,3698,-1,1,100,47.84,0
3.3,0,0,11.62,100,19.99,2.79,198,1,-0.7,0,2101.3,0,57,68,172.39,3.9,200,3705,-1.11,1,100,47.84,0
3.312,0,0,11.5,100,19.93,2.77,198,1,-0.7,0,2268.4,0,57,68,171.87,3.9,200,3719,-1.16,1,100,47.84,0
3.33,0,0,11.66,100,19.99,2.79,198,1,-0.35,0,2164.5,0,57,68,172.39,3.9,200,3726,-1.25,1,100,47.84,0
3.342,0,0,11.52,100,20,2.79,198,1,0,0,2134.1,1,57,68,174.13,3.98,200,3738,-1.25,1,100,47.45,0
3.354,0,0,11.59,100,20.12,2.77,198,1,0,0,2161.9,1,57,68,173.12,3.98,200,3745,-1.27,1,100,47.45,0
3.368,0,0,11.49,100,20.03,2.75,198,1,0,0,2083.9,1,57,68,172.18,3.98,200,3741,-1.28,1,100,47.45,0
3.382,0,0,11.71,100,19.91,2.77,198,1,0,0,2245.4,1,57,68,170.83,3.94,200,3742,-1.29,1,100,47.06,0
3.394,0,0,11.54,100,19.86,2.75,198,1,0,0,2189.7,1,57,66,172.89,3.94,200,3733,-1.29,1,100,47.06,0
3.421,0,0,11.71,100,19.69,2.74,198,1,0,0,2338,1,57,68,171.81,3.96,200,3737,-1.12,1,100,47.45,0
3.433,0,0,11.68,100,19.81,2.74,198,1,0,0,2326.3,1,57,66,171.68,3.96,200,3750,-0.95,1,100,47.45,0
3.446,0,0,11.64,100,19.79,2.74,198,1,0,0,2085.5,1,57,66,173.43,3.96,200,3760,-1.05,1,100,47.45,0
3.459,0,0,11.62,100,19.86,2.73,198,1,0,0,2204.9,1,57,66,172.55,3.96,200,3788,-1.05,1,100,47.45,0
3.483,0,0,11.62,100,19.55,2.72,198,1,0,0,2248.2,1,57,66,172.99,3.96,200,3817,-1.12,1,100,47.45,0
3.495,0,0,11.57,100,19.17,2.73,198,1,0,0,2190.3,1.5,57,66,174.14,3.94,200,3836,-0.7,1,100,47.45,0
3.523,0,0,11.78,100,18.01,2.7,198,1,0,0,2077.7,1.5,57,66,174.18,3.94,200,3842,-0.43,1,100,47.45,0
3.541,0,0,11.76,100,19.64,2.75,198,1,0,0,2201.6,1.5,57,66,175.88,3.94,200,3847,0.07,1,100,47.84,0
3.553,0,0,11.86,100,19.58,2.73,198,1,0,0,2085.7,1.5,57,66,174.44,3.94,200,3834,-0.98,1,100,47.84,0
3.572,0,0,11.75,100,19.46,2.69,198,1,0,0,2303.7,1.5,57,66,172.54,3.94,200,3836,-0.72,1,100,47.84,0
3.584,0,0,11.7,100,19.15,2.69,198,1,0,0,2161.2,2,57,66,170.35,3.94,200,3839,-0.72,1,100,47.45,0
3.596,0,0,11.45,100,18.74,2.69,198,1,0,0,2339.8,2,57,66,173.76,3.94,200,3847,-0.08,1,100,47.45,0
3.61,0,0,11.62,100,18.55,2.68,198,1,0,0,2200.8,2,57,66,172.71,3.94,200,3871,0.19,1,100,47.45,0
3.624,0,0,11.45,100,19.17,2.68,198,1,0,0,2260.3,2,57,66,174.3,3.96,200,3898,-0.51,1,100,47.84,0
3.637,0,0,11.51,100,19.17,2.68,198,1,0,0,2137.2,2,57,66,175.71,3.96,200,3906,-0.51,1,100,47.84,0
3.659,0,0,11.36,100,17.85,2.68,198,1,0,0,2296.9,2.5,57,66,174.55,4.04,200,3921,-0.43,1,100,47.45,0
3.671,0,0,11.59,100,19.42,2.75,198,1,0,0,2205,2.5,57,66,181.69,4.04,200,3941,-0.68,1,100,47.45,0
3.698,0,0,11.69,100,18.41,2.7,198,1,0,0,2132.4,2.5,57,66,180.05,4.04,200,3951,0.01,1,100,47.45,0
3.711,0,0,11.73,100,19.15,2.69,198,1,0,0,2234.8,2.5,57,66,177.69,4.06,200,3944,-0.5,1,100,47.84,0
3.725,0,0,11.59,100,18.74,2.69,198,1,0,0,2140.6,2.5,57,66,176.03,4.06,200,3941,-0.5,1,100,47.84,0
3.752,0,0,11.52,100,19.32,2.69,198,1,0,0,2124.6,2.5,57,66,177.05,4,200,3939,0.14,1,100,47.84,0
3.764,0,0,11.65,100,19.02,2.7,198,1,0,0,2114.7,2.5,57,66,177.51,4,200,3946,0.14,1,100,47.84,0
3.783,0,0,11.55,100,18.5,2.66,198,1,0,0,2078.9,2.5,57,66,178.79,4,200,3956,-0.28,1,100,47.45,0
3.795,0,0,11.62,100,19.04,2.68,198,1,0,0,2184.9,2.5,57,66,177.56,4,200,3974,0.65,1,100,47.45,0
3.813,0,0,11.53,100,18.49,2.68,198,1,0,0,2231.4,2.5,57,66,179.07,4,200,4003,-0.31,1,100,47.45,0
3.825,0,0,11.68,100,19.04,2.66,198,1,0,0,2123.6,2.5,57,66,182.02,4.08,200,4010,-0.31,1,100,47.45,0
3.837,0,0,11.51,100,18.47,2.72,198,1,0,0,2245.6,2.5,57,66,182.48,4.08,200,4022,-0.32,1,100,47.45,0
3.849,0,0,11.6,100,19,2.72,198,1,0,0,2040.2,2,57,66,185.92,4.08,200,4022,0.77,1,100,48.24,0
3.874,0,0,11.57,100,18.01,2.72,198,1,0,0,2162.5,2,57,66,182.61,4.08,200,4022,-0.3,1,100,48.24,0
3.897,0,0,11.45,100,19.19,2.74,198,1,0,0,2063.6,2.5,57,68,181.98,4.02,200,4036,-0.28,1,100,47.45,0
3.919,0,0,11.57,100,18.68,2.72,198,1,0,0,2181.2,2.5,57,68,184.01,4.02,200,4051,-0.39,1,100,47.45,0
3.932,0,0,11.46,100,18.72,2.73,198,1,0,0,2181.5,2.5,57,68,185.32,4.02,200,4071,-0.42,1,100,47.45,0
3.954,0,0,11.46,100,18.76,2.75,198,1,0,0,2042.2,2.5,57,68,187.19,4.12,200,4088,-0.19,1,100,47.45,0
3.968,0,0,11.62,100,19.29,2.74,198,1,0,0,2194.8,2.5,57,68,187.61,4.12,200,4094,-0.65,1,100,47.45,0
3.983,0,0,11.62,100,19.12,2.74,198,1,0,0,2179.3,2.5,57,68,188.59,4.08,200,4113,-0.52,1,100,47.06,0
4.007,0,0,11.62,100,19.23,2.75,198,1,0,0,2084.3,2.5,57,68,191.35,4.08,200,4123,-0.52,1,100,47.06,0
4.023,0,0,11.53,100,18.28,2.77,198,1,0,0,2125.8,2.5,57,68,193.31,4.18,200,4126,-0.64,1,100,47.06,0
4.035,0,0,11.49,100,18.93,2.82,198,1,0,0,2298.3,2.5,57,68,190.44,4.18,200,4119,0.31,1,100,47.06,0
4.052,0,0,11.51,100,19.15,2.81,198,1,0,0,2200.6,2.5,57,68,192.99,4.18,200,4126,-0.05,1,100,47.06,0
4.064,0,0,11.53,100,19.37,2.77,198,1,0,0,2284.5,2.5,57,68,191.37,4.14,200,4130,-0.78,1,100,47.45,0
4.085,0,0,11.39,100,19.08,2.79,198,1,0,0,2198,2.5,57,68,193.77,4.14,200,4159,-0.78,1,100,47.45,0
4.09,0,0,11.46,100,18.35,2.78,198,1,0,0,2356,2.5,57,68,195.62,4.14,200,4174,-0.71,1,100,47.45,0
4.113,0,0,11.38,100,18.44,2.82,198,1,0,0,2234.5,2.5,57,68,196.96,4.16,200,4189,0.03,1,100,47.06,0
4.125,0,0,11.28,100,19.21,2.82,198,1,0,0,2259,2.5,57,68,197.6,4.16,200,4195,-0.71,1,100,47.06,0
4.142,0,0,11.52,100,19.19,2.81,198,1,0,0,2081.5,2.5,57,68,197.15,4.14,200,4200,-0.71,1,100,47.06,0
4.154,0,0,11.36,100,18.47,2.84,198,1,0,0,2136.5,2.5,57,68,198.87,4.14,200,4206,0.08,1,100,47.06,0
4.172,0,0,11.39,100,19.29,2.83,198,1,0,0,2147.6,2.5,57,68,199.24,4.14,200,4206,-0.08,1,100,47.06,0
4.184,0,0,11.24,100,19.18,2.82,198,1,0,0,2089.2,3,57,68,196.21,4.18,200,4210,-0.08,1,100,47.45,0
4.205,0,0,11.29,100,18.3,2.81,198,1,0,0,2117.8,3,57,68,199.86,4.18,200,4213,-0.69,1,100,47.45,0
4.21,0,0,11.22,100,18.4,2.83,198,1,0,0,2148,3,57,68,200.94,4.18,200,4225,0.18,1,100,47.45,0
4.224,0,0,11.37,100,19.25,2.86,198,1,0,0,2157.5,3,57,68,201.36,4.18,200,4225,-0.77,1,100,47.45,0
4.237,0,0,11.23,100,18.81,2.83,198,1,0,0,2031.2,3,57,68,201.26,4.18,200,4234,-0.35,1,100,47.45,0
4.259,0,0,11.32,100,18.97,2.82,198,1,0,0,2134.8,3,57,68,202.52,4.16,200,4263,-0.35,1,100,47.06,0
4.271,0,0,11.21,100,18.99,2.87,198,1,0,0,2225.7,3,57,68,204.08,4.16,200,4267,-0.97,1,100,47.06,0
4.297,0,0,11.15,100,19.36,2.84,198,1,0,0,2319.3,3,57,68,205.67,4.2,200,4287,-0.67,1,100,47.06,0
4.309,0,0,11.16,100,19.23,2.86,198,1,0,0,2137.1,3,57,68,204.63,4.2,200,4296,-0.84,1,100,47.06,0
4.321,0,0,11.02,100,18.76,2.86,198,1,0,0,2175.6,3,57,68,206.97,4.2,200,4302,-0.38,1,100,47.06,0
4.333,0,0,11.18,100,18.14,2.88,198,1,0,0,2006.2,3,57,68,206.59,4.22,200,4298,-0.38,1,100,47.06,0
4.358,0,0,11.11,100,18.94,2.92,198,1,0,0,2200.2,3,57,68,205.92,4.22,200,4308,-0.68,1,100,47.06,0
4.37,0,0,11.2,100,19.39,2.88,198,1,0,0,2069.2,3,57,68,207.53,4.22,200,4310,-1.02,1,100,47.06,0
4.387,0,0,11.02,100,18.84,2.86,198,1,0,0,2249.1,3,57,68,205.99,4.2,200,4310,-0.48,1,100,46.27,0
4.399,0,0,11.09,100,18.78,2.87,198,1,0,0,2174.8,3,57,68,207.44,4.2,200,4316,-0.48,1,100,46.27,0
4.411,0,0,11.01,100,18.05,2.84,198,1,0,0,2311.5,3.5,57,68,213.11,4.24,200,4334,-0.98,1,100,46.27,0
4.423,0,0,11.05,100,19.45,2.92,198,1,0,0,2165.3,3.5,57,68,208.33,4.24,200,4340,-1.12,1,100,46.27,0
4.448,0,0,11,100,19.12,2.87,198,1,0,0,2074.3,3.5,57,68,207.83,4.24,200,4348,-0.8,1,100,46.27,0
4.46,0,0,10.97,100,19.55,2.86,198,1,0,0,2131,3.5,57,68,210.38,4.26,200,4385,-0.8,1,100,46.27,0
4.478,0,0,11.01,100,18.62,2.88,198,1,0,0,1968.8,3.5,57,68,211.26,4.26,200,4393,-1.12,1,100,46.27,0
4.489,0,0,10.98,100,19.38,2.87,198,1,0,0,2109.2,3.5,57,68,211.08,4.26,200,4405,-1.13,1,100,46.27,0
4.509,0,0,11.15,100,18.65,2.87,198,1,0,0,2187.5,3.5,57,68,211.56,4.24,200,4410,-0.31,1,100,45.88,0
4.521,0,0,11,100,18.02,2.87,198,1,0,0,2169,3.5,57,68,209.96,4.24,200,4407,-0.31,1,100,45.88,0
4.533,0,0,10.98,100,18.14,2.91,198,1,0,0,2225.5,3.5,57,68,213.53,4.24,201,4401,0.24,1,100,47.06,0
4.545,0,0,10.82,100,19.33,2.92,198,1,0,0,2232.3,3.5,57,68,214.16,4.24,201,4395,0.16,1,100,47.06,0
4.57,0,0,10.88,100,19.11,2.84,198,1,0,0,2170.1,3.5,57,68,210.16,4.24,201,4420,-0.86,1,100,47.06,0
4.582,0,0,10.88,100,19.27,2.83,198,1,0,0,1998.8,3.5,57,68,209.97,4.22,201,4414,-1.03,1,100,46.27,0
4.594,0,0,10.9,100,19.01,2.84,198,1,0,0,2189.1,3.5,57,68,209.87,4.22,201,4435,-1.03,1,100,46.27,0
4.608,0,0,11.01,100,19.29,2.82,198,1,0,0,2070.9,3.5,57,68,210.75,4.22,201,4466,-1.13,1,100,46.27,0
4.623,0,0,10.95,100,19.27,2.81,198,1,0,0,2152.2,3.5,57,68,210.46,4.22,201,4486,-1.15,1,100,45.88,0
4.634,0,0,11.04,100,19.32,2.82,198,1,0,0,2185.7,3.5,57,68,212.27,4.22,201,4494,-1.24,1,100,45.88,0
4.659,0,0,10.98,100,19.11,2.81,198,1,0,0,2162.3,4,57,68,210.4,4.22,201,4496,-1.24,1,100,45.49,0
4.671,0,0,11.04,100,18.97,2.82,198,1,0,0,2007.9,4,57,68,210.57,4.22,201,4498,-0.96,1,100,45.49,0
4.689,0,0,11.07,100,19.02,2.79,198,1,0,0,2139.3,4,57,68,211.13,4.22,201,4503,-0.96,1,100,45.49,0
4.701,0,0,11.18,100,19.09,2.81,198,1,0,0,2218.7,4,57,68,209.33,4.24,201,4498,-0.96,1,100,45.88,0
4.719,0,0,11.18,100,18.88,2.79,198,1,0,0,2108.1,4,57,70,210.93,4.24,201,4498,-1.02,1,100,45.88,0
4.731,0,0,11.13,100,19.16,2.77,198,1,0,0,2268.9,4,57,70,208.62,4.24,201,4512,-1.1,1,100,45.88,0
4.749,0,0,11.06,100,18.89,2.81,198,1,0,0,2044.4,4,57,70,210.34,4.24,201,4505,-0.83,1,100,45.49,0
4.761,0,0,11.07,100,18.96,2.78,198,1,0,0,2015.9,4,57,70,211.76,4.24,201,4533,-0.83,1,100,45.49,0
4.773,0,0,11.2,100,18.69,2.78,198,1,0,0,2168.4,4,57,70,208.46,4.22,201,4546,-0.95,1,100,45.49,0
4.786,0,0,11.11,100,18.81,2.81,198,1,0,0,2206,4,57,70,213.89,4.22,201,4564,-0.85,1,100,45.49,0
4.811,0,0,11.15,100,18.8,2.77,198,1,0,0,2175.3,4,57,70,212.09,4.22,201,4580,-0.87,1,100,45.49,0
4.823,0,0,11.15,100,18.31,2.81,198,1,0,0,2158.2,4,55,70,211.44,4.24,201,4578,-0.39,1,100,45.49,0
4.841,0,0,11.09,100,17.37,2.78,198,1,0,0,2075.3,4,55,70,213,4.24,201,4589,-0.39,1,100,45.49,0
4.853,0,0,11.24,100,18.86,2.82,198,1,0,0,2213.6,4,55,70,208.93,4.24,201,4596,0.53,1,100,45.88,0
4.871,0,0,11.16,100,17.6,2.74,198,1,0,0,2087.1,4,55,70,215.71,4.24,201,4596,0.42,1,100,45.88,0
4.883,0,0,11.21,100,17.65,2.82,198,1,0,0,2147.9,4,55,70,217.07,4.24,201,4591,0.42,1,100,45.88,0
4.895,0,0,11.05,100,17.74,2.79,198,1,0,0,2106.3,4,55,70,214.59,4.22,201,4600,0.25,1,100,45.88,0
4.907,0,0,11.12,100,17.93,2.75,198,1,0,0,2259.7,4,55,70,207.09,4.22,201,4604,-0.76,1,100,45.88,0
4.932,0,0,11,100,18.52,2.75,198,1,0,0,2251.3,4,55,70,207.96,4.22,201,4616,-0.6,1,100,45.88,0
4.944,0,0,10.99,100,18.16,2.69,198,1,0,0,2041.3,4.5,55,70,211.73,4.28,201,4639,-0.36,1,100,45.49,0
4.955,0,0,11.07,100,18.29,2.72,198,1,0,0,2054.9,4.5,55,70,211.84,4.28,201,4657,-0.36,1,100,45.49,0
4.967,0,0,11.25,100,18.15,2.73,198,1,0,0,2141.4,4,55,70,218.69,4.28,201,4662,-0.27,1,100,45.49,0
4.992,0,0,11.2,100,17.04,2.72,198,1,0,0,2289.9,4,55,70,217.96,4.28,201,4671,-0.63,1,100,45.49,0
5.004,0,0,11.27,100,17.26,2.78,198,1,0,0,2187.8,4,55,70,216.42,4.28,201,4664,0.5,1,100,45.49,0
5.022,0,0,11.11,100,17.88,2.77,198,1,0,0,2160.2,4,55,70,210.08,4.26,201,4669,0.5,1,100,45.88,0
5.034,0,0,11.13,100,18.06,2.72,198,1,0,0,2159.3,4,55,70,209.86,4.26,201,4676,-0.14,1,100,45.88,0
5.057,0,0,10.99,100,18.04,2.72,198,1,0,0,2307.4,4,55,70,212.09,4.26,201,4680,-0.32,1,100,45.88,0
5.061,0,0,10.97,100,17.82,2.68,198,1,0,0,2092.8,4,55,70,211.69,4.24,201,4676,0.9,1,100,45.49,0
5.076,0,0,11.09,100,16.72,2.69,198,1,0,0,2025.6,4,55,70,216.33,4.24,201,4699,0.9,1,100,45.49,0
5.096,0,0,11.15,100,17.06,2.74,198,1,0,0,2076.2,4,55,70,216.35,4.24,201,4706,0.87,1,100,46.27,0
5.112,0,0,11.21,100,18.05,2.7,198,1,0,0,2220,4,55,70,212.27,4.24,201,4723,-0.08,1,100,46.27,0
5.124,0,0,11.09,100,17.45,2.65,198,1,0,0,2087.7,4,55,70,207.73,4.24,201,4742,0.16,1,100,46.27,0
5.142,0,0,11.06,100,17.76,2.75,198,1,0,0,2114.8,4.5,55,70,212.54,4.28,201,4754,0.16,1,100,45.88,0
5.154,0,0,10.98,100,16.62,2.65,198,1,0,0,2176.4,4.5,55,70,216.48,4.28,201,4761,-0.11,1,100,45.88,0
5.172,0,0,11.18,100,17.51,2.74,198,1,0,0,2215.4,4.5,55,70,218.12,4.28,201,4773,0.06,1,100,45.88,0
5.184,0,0,11.19,100,17.42,2.65,198,1,0,0,2125.7,4,55,70,211.44,4.24,201,4771,0.14,1,100,45.88,0
5.196,0,0,11.1,100,16.42,2.66,198,1,0,0,2048.6,4,55,70,212.76,4.24,201,4778,0.14,1,100,45.88,0
5.209,0,0,11.15,100,17,2.72,198,1,0,0,2154.7,4,55,70,217.03,4.24,201,4781,1.07,1,100,45.88,0
5.231,0,0,11.1,100,17.43,2.65,198,1,0,0,2148.6,4,55,70,211.6,4.26,201,4783,0.03,1,100,46.27,0
5.243,0,0,11.1,100,17.34,2.64,198,1,0,0,2230.7,4,55,70,212.56,4.26,201,4783,0.19,1,100,46.27,0
5.26,0,0,11.07,100,16.97,2.69,198,1,0,0,2052,4.5,55,70,215.2,4.28,201,4800,0.19,1,100,45.88,0
5.272,0,0,11.08,100,17.46,2.65,198,1,0,0,2177.5,4.5,55,70,212.09,4.28,201,4815,0.81,1,100,45.88,0
5.284,0,0,11.28,100,17.35,2.64,198,1,0,0,2189.6,4.5,55,70,212.38,4.28,201,4808,0.14,1,100,45.88,0
5.296,0,0,11.19,100,16.04,2.59,198,1,0,0,2122.2,5,55,70,216.47,4.24,201,4830,0.14,1,100,45.88,0
5.312,0,0,11.15,100,16.83,2.61,198,1,0,0,2298.8,5,55,72,210.97,4.24,201,4847,0.59,1,100,45.88,0
5.326,0,0,11.15,100,17.09,2.64,198,1,0,0,2024.7,5,55,72,213.62,4.26,201,4845,0.25,1,100,45.88,0
5.359,0,0,11.1,100,16.04,2.6,198,1,0,0,2146.9,5,55,72,210.64,4.26,201,4845,0.2,1,100,45.88,0
5.363,0,0,11.15,100,17.18,2.74,198,1,0,0,2121.6,5,55,72,215.18,4.26,201,4850,0.22,1,100,45.88,0
5.384,0,0,11.15,100,16.98,2.64,198,1,0,0,2162.2,5,55,72,215.31,4.26,201,4855,1.48,1,100,45.88,0
5.412,0,0,11.08,100,17.36,2.65,198,1,0,0,2186.1,5,55,72,215.39,4.26,201,4870,0.28,1,100,45.88,0
5.424,0,0,11.06,100,17.17,2.65,198,1,0,0,2108.7,5,55,72,212.36,4.3,201,4880,0.18,1,100,45.88,0
5.436,0,0,11.04,100,16.69,2.69,198,1,0,0,2096,5,55,72,215.63,4.3,201,4888,0.18,1,100,45.88,0
5.449,0,0,11.06,100,16.45,2.62,198,1,0,0,2184.6,5,55,72,214.65,4.28,201,4893,0.64,1,100,46.27,0
5.463,0,0,11.09,100,16.28,2.7,198,1,0,0,2148.7,5,55,72,221.13,4.28,201,4908,1.63,1,100,46.27,0
5.483,0,0,11.11,100,17.16,2.62,198,1,0,0,2144.7,5,55,72,218.13,4.28,201,4916,0.12,1,100,46.27,0
5.5,0,0,11.07,100,16.95,2.59,198,1,0,0,2248.2,5,55,72,214.52,4.26,201,4926,0.12,1,100,45.88,0
5.522,0,0,11.03,100,17.13,2.62,198,1,0,0,2173.6,5,55,72,219.2,4.26,201,4942,0.1,1,100,45.88,0
5.535,0,0,11.06,100,15.64,2.56,196,1,0,0,2172.3,5,55,72,212.45,4.24,201,4960,0.1,1,100,45.88,0
5.56,0,0,11.15,100,16.78,2.62,196,1,0,0,2131.5,5,55,72,214.57,4.24,201,4968,1.47,1,100,45.88,0
5.583,0,0,11.24,100,16.77,2.65,196,1,0,0,2098.4,5,55,72,214.44,4.32,201,4973,0.4,1,100,46.27,0
5.595,0,0,11.14,100,15.52,2.62,196,1,0,0,2159.1,5,55,72,218.59,4.32,201,4976,0.4,1,100,46.27,0
5.621,0,0,11.09,100,16.41,2.59,196,1,0,0,2115.6,5,55,72,218.99,4.3,201,4976,0.55,1,100,46.27,0
5.633,0,0,11.11,100,16.37,2.6,196,1,0,0,2155.8,5,55,72,217.81,4.3,201,4981,0.73,1,100,46.27,0
5.651,0,0,11.15,100,16.44,2.65,196,1,0,0,2088.3,5,55,72,220.94,4.3,201,4997,0.81,1,100,46.27,0
5.664,0,0,11.16,100,15.6,2.57,196,1,0,0,2161.7,5,55,72,216.49,4.26,201,5011,0.81,1,100,46.27,0
5.676,0,0,11.2,100,16.29,2.64,196,1,0,0,2141.3,5,55,72,220.19,4.26,201,5019,0.74,1,100,46.27,0
5.689,0,0,11.13,100,16.29,2.56,196,1,0,0,2201.7,5,55,72,217.74,4.28,201,5029,0.75,1,100,46.27,0
5.711,0,0,11.12,100,16.45,2.61,196,1,0,0,2187.1,5,55,72,218.15,4.28,201,5043,0.7,1,100,46.27,0
5.724,0,0,11.18,100,16.52,2.64,196,1,0,0,2238.7,5,55,72,218.28,4.3,201,5048,0.37,1,100,46.27,0
5.75,0,0,11.22,100,15.29,2.6,196,1,0,0,2208.4,5,55,72,219.11,4.3,201,5043,0.47,1,100,46.27,0
5.768,0,0,11.15,100,16.91,2.64,196,1,0,0,2190.1,5,55,72,218.53,4.3,201,5043,0.12,1,100,46.27,0
5.78,0,0,11.15,100,15.36,2.6,196,1,0,0,2206.2,5,55,72,222.53,4.32,201,5056,0.12,1,100,45.88,0
5.792,0,0,11.24,100,16.72,2.61,196,1,0,0,2177.4,5,55,72,221.56,4.32,201,5062,1.6,1,100,45.88,0
5.804,0,0,11.17,100,15.44,2.59,196,1,0,0,2242.8,5,55,72,223.19,4.32,201,5084,0.33,1,100,45.88,0
5.83,0,0,11.15,100,15.73,2.61,196,1,0,0,2181.3,5,55,72,222.89,4.32,201,5103,1.71,1,100,46.27,0
5.842,0,0,11.15,100,16.09,2.64,196,1,0,0,2165.8,5,55,72,222.74,4.32,201,5109,1.71,1,100,46.27,0
5.854,0,0,11.05,100,16.38,2.61,198,1,0,0,2232,5,55,73,223.57,4.34,201,5114,0.82,1,100,46.67,0
5.876,0,0,11.11,100,16.64,2.57,198,1,0,0,2237.2,5,55,73,219.59,4.34,201,5123,0.55,1,100,46.67,0
5.893,0,0,11.13,100,16.86,2.61,198,1,0,0,2230.4,5,55,73,224.42,4.34,201,5131,1.56,1,100,46.67,0
5.905,0,0,11.09,100,16.69,2.56,198,1,0,0,2245,5,55,73,218.58,4.34,201,5129,0.19,1,100,47.45,0
5.925,0,0,11.23,100,15.23,2.62,198,1,0,-1.41,2242.6,5,55,73,224.2,4.34,201,5134,0.19,1,100,47.45,0
5.93,0,0,11.26,100,16.08,2.57,198,1,0,-1.41,2074,3.5,55,73,221.96,4.36,201,5131,0.86,1,100,46.67,0
5.942,0,0,11.19,100,15.1,2.6,198,1,0,-1.41,2199.2,3.5,55,73,220.49,4.36,201,5134,0.53,1,100,46.67,0
5.964,0,0,11.13,100,16.86,2.55,198,1,0,-1.41,2207.4,3.5,55,73,223.73,4.36,201,5137,0,1,100,46.67,0
5.982,0,0,11.23,100,15.48,2.59,198,1,0,-1.41,2017.9,3.5,55,73,224.04,4.32,201,5145,0,1,100,46.27,0
5.994,0,0,11.33,100,15.91,2.6,198,1,0,-1.41,2118.7,3.5,55,73,226.64,4.32,201,5157,1.49,1,100,46.27,0
6.012,0,0,11.28,100,16.36,2.57,198,1,0,-1.41,2084.4,3.5,55,73,222.07,4.32,201,5168,0.76,1,100,46.27,0
6.024,0,0,11.18,100,16.64,2.59,198,1,0,-1.41,2101.9,4,55,73,226.44,4.3,201,5171,0.16,1,100,46.67,0
6.035,0,0,11.12,100,16.65,2.57,198,1,0,-1.41,2117.9,4,55,73,223.28,4.3,201,5194,0.16,1,100,46.67,0
6.049,0,0,11.2,100,16.01,2.57,198,1,0,-1.41,2100.2,4.5,55,73,228.5,4.36,201,5211,0.11,1,100,46.27,0
6.071,0,0,11.19,100,16.64,2.59,198,1,0,-1.41,2168.6,4.5,55,73,225.53,4.36,201,5223,0.1,1,100,46.27,0
6.083,0,0,11.23,100,15.31,2.59,198,1,0,-1.41,2065.3,4.5,55,73,227.53,4.36,201,5234,0.13,1,100,46.27,0
6.1,0,0,11.29,100,15.07,2.59,198,1,0,-1.41,2180.7,4,55,73,226.52,4.36,201,5234,0.13,1,100,46.27,0
6.112,0,0,11.28,100,16.66,2.62,198,1,0,-1.41,2163.2,4,55,73,229.42,4.36,201,5237,0.46,1,100,46.27,0
6.133,0,0,11.29,100,15.33,2.6,198,1,0,-1.41,2259.2,4,55,73,227.47,4.36,201,5240,-0.25,1,100,46.27,0
6.144,0,0,11.22,100,15.26,2.62,198,1,0,-1.41,2088.1,4,55,73,230.12,4.38,201,5243,-0.25,1,100,46.27,0
6.163,0,0,11.11,100,16.75,2.62,198,1,0,-1.41,2184.9,4,55,73,228.22,4.38,201,5249,0.39,1,100,46.27,0
6.175,0,0,11.13,100,15.31,2.59,196,1,0,-1.41,2241.3,4,55,73,229.95,4.36,201,5252,-0.07,1,100,46.27,0
6.196,0,0,11.15,100,16.47,2.62,196,1,0,-1.41,2159.3,4,55,73,228.56,4.36,201,5258,0.43,1,100,46.27,0
6.2,0,0,11.09,100,16.94,2.6,196,1,0,-1.41,2252.2,4,55,73,229.83,4.36,201,5264,-0.28,1,100,46.27,0
6.214,0,0,11.13,100,15.31,2.6,196,1,0,-1.41,2258,4,55,73,229.36,4.36,201,5276,-0.28,1,100,46.27,0
6.234,0,0,11.14,100,16.64,2.61,196,1,0,-1.41,2233.5,4,55,73,229.82,4.36,201,5279,0.3,1,100,46.27,0
6.25,0,0,11.09,100,15.33,2.59,196,1,0,-1.41,2291.2,4,55,73,229.01,4.36,201,5294,-0.09,1,100,46.27,0
6.263,0,0,11.08,100,16.45,2.6,196,1,0,-1.41,2240.7,4,55,73,232.28,4.36,201,5303,0.16,1,100,46.27,0
6.28,0,0,11.07,100,15.55,2.6,196,1,0,-1.41,2063.9,4,55,73,230.21,4.36,201,5321,0.16,1,100,46.27,0
6.293,0,0,11.01,100,16.42,2.59,196,1,0,-1.41,2109.3,4,55,73,232.42,4.38,201,5327,1.02,1,100,47.06,0
6.305,0,0,11.05,100,15.38,2.6,196,1,0,-1.41,2049.3,4,55,75,232.02,4.38,201,5336,1.31,1,100,47.06,0
6.318,0,0,11.01,100,16.11,2.6,196,1,0,-1.41,2058.9,4,55,75,230.81,4.38,201,5333,1.31,1,100,47.06,0
6.341,0,0,11.04,100,15.09,2.59,196,1,0,-1.41,2233.1,4,55,75,233.16,4.38,201,5342,0.46,1,100,46.67,0
6.353,0,0,11.02,100,16.36,2.6,196,1,0,-1.41,2227.5,4,55,75,229.81,4.38,201,5336,1.47,1,100,46.67,0
6.371,0,0,11.16,100,15.52,2.6,196,1,0,-1.41,2158.9,4,55,75,230.08,4.38,201,5345,-0.24,1,100,46.67,0
6.383,0,0,11.14,100,16.3,2.53,196,1,0,-1.41,2216.3,4,55,75,227.12,4.36,201,5348,0.24,1,100,46.27,0
6.395,0,0,11.24,100,15.22,2.62,196,1,0,-1.41,2270.3,4,55,75,232.97,4.36,201,5360,0.24,1,100,46.27,0
6.409,0,0,11.19,100,16.02,2.56,196,1,0,-1.41,2159.2,4,55,75,230.63,4.4,201,5360,0.73,1,100,46.67,0
6.424,0,0,11.13,100,14.93,2.57,196,1,0,-1.41,2195.1,4,55,75,230.91,4.4,201,5375,0.12,1,100,46.67,0
6.438,0,0,11.12,100,16.32,2.56,196,1,0,-1.41,2224.5,4,55,75,232.34,4.4,201,5388,0.16,1,100,46.67,0
6.461,0,0,11.2,100,15.94,2.59,196,1,0,-1.41,2218.6,4.5,55,75,231.75,4.4,201,5400,0.16,1,100,46.27,0
6.473,0,0,11.13,100,14.91,2.56,196,1,0,-1.41,2270.5,4.5,55,75,232.71,4.4,201,5400,0.53,1,100,46.27,0
6.49,0,0,11.18,100,14.87,2.55,196,1,0,-1.41,2229.6,4.5,55,75,230.78,4.4,201,5413,1.57,1,100,46.27,0
6.502,0,0,11.2,100,15.36,2.56,196,1,0,-1.41,2201.1,5,55,75,233.82,4.36,201,5422,1.08,1,100,47.84,0
6.52,0,0,11.19,100,15.68,2.59,196,1,0,-1.41,2217.7,5,55,75,233.8,4.36,201,5425,1.08,1,100,47.84,0
6.532,0,0,11.14,100,14.72,2.57,196,1,0,-1.41,2113.4,5,55,75,234.66,4.4,201,5425,0.26,1,100,46.67,0
6.551,0,0,11.15,100,15.11,2.57,196,1,0,-1.41,2204.9,5,55,75,233.08,4.4,201,5425,0.24,1,100,46.67,0
6.563,0,0,11.03,100,16.06,2.57,196,1,0,-1.41,2182.6,5,55,75,233.87,4.4,201,5428,0.24,1,100,46.67,0
6.582,0,0,10.97,100,14.9,2.53,196,1,0,-1.41,2266.2,5,55,75,232.21,4.38,201,5444,0.38,1,100,46.67,0
6.593,0,0,11.07,100,14.71,2.57,196,1,0,-1.41,2294.2,5,55,75,234.95,4.38,201,5450,0.56,1,100,46.67,0
6.606,0,0,11.1,100,15.93,2.55,196,1,0,-1.41,2227.8,5,55,75,232.1,4.38,201,5454,0.59,1,100,46.67,0
6.619,0,0,11.07,100,14.98,2.56,196,1,0,-1.41,2211.7,4.5,55,75,235.41,4.4,201,5463,1.4,1,100,46.67,0
6.634,0,0,11.04,100,15.02,2.55,196,1,0,-1.41,2114,4.5,55,75,236.76,4.4,201,5476,1.4,1,100,46.67,0
6.654,0,0,11.07,100,15.15,2.56,196,1,0,-1.41,2012.8,5,55,75,232.54,4.38,201,5479,1.35,1,100,47.45,0
6.666,0,0,11.05,100,15.9,2.55,196,1,0,-1.41,2057.5,5,55,75,233,4.38,201,5489,1.3,1,100,47.45,0
6.679,0,0,11.13,100,14.58,2.53,196,1,0,-1.41,2097,5,55,75,234.48,4.38,201,5498,1.76,1,100,47.45,0
6.703,0,0,11.13,100,14.38,2.55,196,1,0,-1.41,2213.6,5,55,75,236.18,4.4,201,5508,1.95,1,100,48.24,0
6.715,0,0,11.09,100,14.82,2.56,196,1,0,-1.41,2294,5,55,77,235.74,4.4,201,5518,1.95,1,100,48.24,0
6.737,0,0,11.11,100,15.51,2.53,196,1,0,-1.41,2203.9,5,55,77,232.23,4.38,201,5518,1.23,1,100,47.45,0
6.749,0,0,11.11,100,14.66,2.52,196,1,0,-1.41,2176.2,5,55,77,235.09,4.38,201,5515,1.66,1,100,47.45,0
6.763,0,0,11.06,100,14.27,2.53,196,1,0,-1.41,2074.9,5,55,77,233.78,4.38,201,5524,2.04,1,100,47.45,0
6.785,0,0,11.18,100,15.78,2.5,196,1,0,-1.41,2137.2,5,55,77,230.89,4.4,202,5544,1.08,1,100,48.63,0
6.799,0,0,11.13,100,15,2.51,196,1,0,-1.41,2194,5,55,77,235.49,4.4,202,5544,1.28,1,100,48.63,0
6.814,0,0,11.04,100,14.22,2.51,196,1,0,-1.41,2190.2,5,55,77,235.47,4.38,202,5557,1.28,1,100,47.84,0
6.833,0,0,11.04,100,14.46,2.57,196,1,0,-1.41,2193,5,55,77,235.88,4.38,202,5564,2.05,1,100,47.84,0
6.851,0,0,11.06,100,15.03,2.53,196,1,0,-1.41,2118,5,55,77,236.6,4.38,202,5580,0.42,1,100,47.06,0
6.873,0,0,11.03,100,14.76,2.52,196,1,0,-1.41,2099.4,5,55,77,235.09,4.38,202,5587,0.75,1,100,47.06,0
6.885,0,0,11.03,100,14.1,2.52,196,1,0,-1.41,2108.6,5,55,77,236.4,4.38,202,5604,0.63,1,100,47.06,0
6.911,0,0,11.09,100,15.52,2.55,196,1,0,-1.41,2166,5,55,77,237.31,4.4,202,5604,1.67,1,100,47.45,0
6.923,0,0,11.06,100,15.13,2.53,196,1,0,-1.05,2216.4,5,55,77,237.12,4.4,202,5604,1.06,1,100,47.45,0
6.935,0,0,11.07,100,15.13,2.53,196,1,0,-0.7,2142.7,5,55,77,236.49,4.44,202,5607,1.06,1,100,47.84,0
6.949,0,0,11.02,100,14.43,2.52,196,1,0,-0.7,2226.8,5,55,77,237.39,4.44,202,5614,1.05,1,100,47.84,0
6.963,0,0,11.03,100,14.16,2.52,196,1,0,-0.7,2114.2,5,55,77,238.4,4.44,202,5627,0.22,1,100,47.84,0
6.976,0,0,11.11,100,14.44,2.55,196,1,0,-0.7,2151.9,5.5,55,77,239.79,4.44,202,5627,1.75,1,100,47.06,0
7.002,0,0,11.06,100,15.13,2.5,196,1,0,-0.7,2088.7,5.5,55,77,237.11,4.44,202,5637,1.75,1,100,47.06,0
7.014,0,0,10.99,100,15.44,2.55,196,1,0,-0.7,2108.2,6,55,77,235.68,4.42,202,5641,0.95,1,100,47.84,0
7.031,0,0,11,100,14.26,2.51,196,1,0,0,2280.9,6,55,77,239.46,4.42,202,5651,0.97,1,100,47.84,0
7.043,0,0,11.08,100,13.87,2.55,196,1,0,0,2071.4,6,55,77,239.75,4.42,202,5654,0.47,1,100,47.84,0
7.061,0,0,11.04,100,14.23,2.55,196,1,0,0,2215.4,6,55,77,241.71,4.42,202,5671,0.47,1,100,47.45,0
7.073,0,0,11.06,100,14.13,2.46,196,1,0,0,2256.8,6,55,77,235.68,4.42,202,5678,1.67,1,100,47.45,0
7.085,0,0,11.07,100,15.27,2.51,196,1,0,0,2197.8,6,55,77,238.6,4.42,202,5689,0.52,1,100,47.45,0
7.098,0,0,11.04,100,15.71,2.5,196,1,0,0,2233.7,6.5,55,77,238.95,4.42,202,5696,0.52,1,100,47.45,0
7.114,0,0,11.09,100,14.51,2.46,196,1,0,0,2114.5,6.5,55,79,236.48,4.42,202,5706,0.17,1,100,47.45,0
7.126,0,0,11.12,100,14.09,2.51,196,1,0,0,2165.1,6.5,55,79,241.95,4.42,202,5706,1.34,1,100,48.24,0
7.152,0,0,11.14,100,14.15,2.52,196,1,0,0,2252.4,6.5,55,79,241.64,4.42,202,5709,1.76,1,100,48.24,0
7.164,0,0,11.14,100,14.4,2.53,196,1,0,0,2182.5,6.5,55,79,242.41,4.42,202,5720,1.46,1,100,48.24,0
7.176,0,0,11.1,100,15.62,2.52,196,1,0,0,2142.1,6,55,79,240.37,4.46,202,5716,1.46,1,100,48.63,0
7.191,0,0,11.02,100,15.01,2.52,196,1,0,0,2100,6,55,79,238.02,4.46,202,5720,0.19,1,100,48.63,0
7.205,0,0,10.98,100,15.27,2.48,196,1,0,0,2147.9,6.5,55,79,239.1,4.42,202,5723,0.34,1,100,47.45,0
7.218,0,0,11,100,14.82,2.5,196,1,0,0,2220.5,6.5,55,79,238.97,4.42,202,5741,0.93,1,100,47.45,0
7.244,0,0,11.04,100,13.85,2.51,196,1,0,0,2185,6.5,55,79,244.28,4.42,202,5751,1.73,1,100,47.45,0
7.256,0,0,11.12,100,14.84,2.52,196,1,0,0,2116.5,6,55,79,243.15,4.44,202,5748,1.73,1,100,49.02,0
7.277,0,0,11.17,100,14.37,2.55,196,1,0,0,2054.6,6,55,79,244.99,4.44,202,5751,0.86,1,100,49.02,0
7.279,0,0,11.09,100,14.87,2.53,196,1,0,0,2063.6,6,55,79,243.27,4.44,202,5759,1.66,1,100,49.02,0
7.303,0,0,11.04,100,15.68,2.53,196,1,0,0,2177.2,6,55,79,242.44,4.46,202,5769,0.47,1,100,48.63,0
7.325,0,0,10.98,100,15.46,2.51,196,1,0,0,2124.2,6,55,79,242.83,4.46,202,5780,-0.14,1,100,48.63,0
7.338,0,0,11.02,100,14.98,2.5,196,1,0,0,2131.3,6.5,55,79,242.17,4.44,202,5783,0.6,1,100,47.45,0
7.352,0,0,11.04,100,14,2.53,196,1,0,0,2194.7,6.5,55,79,247.77,4.44,202,5794,0.6,1,100,47.45,0
7.365,0,0,10.99,100,13.97,2.55,196,1,0,0,2222.4,6.5,55,79,247.13,4.44,202,5801,1.54,1,100,48.63,0
7.392,0,0,10.98,100,14.18,2.55,196,1,0,0,2029.4,6.5,55,79,246.49,4.44,202,5816,1.43,1,100,48.63,0
7.403,0,0,11.01,100,14.27,2.53,196,1,0,0,2082.4,6.5,55,79,246.36,4.44,202,5827,1.2,1,100,48.63,0
7.422,0,0,10.97,100,14.43,2.53,196,1,0,0,2077.3,6.5,55,79,246.1,4.44,202,5827,1.2,1,100,48.63,0
7.434,0,0,10.86,100,13.97,2.53,196,1,0,0,2130.9,6.5,55,79,245.94,4.44,202,5830,1,1,100,48.63,0
7.446,0,0,10.82,100,15.14,2.48,196,1,0,0,2168.1,7,55,79,242.03,4.44,202,5837,-0.3,1,100,47.45,0
7.459,0,0,10.85,100,15.29,2.5,196,1,0,0,2141,7,55,79,242.98,4.44,202,5845,0.08,1,100,47.45,0
7.485,0,0,10.87,100,15.36,2.46,196,1,0,0,2039.1,7,55,79,243.31,4.44,202,5859,0.08,1,100,47.45,0
7.489,0,0,10.89,100,15.03,2.5,196,1,0,0,2161.7,7,55,81,243.88,4.5,202,5852,-0.04,1,100,47.45,0
7.504,0,0,10.98,100,14.54,2.48,196,1,0,0,2261.4,7,55,81,244.53,4.5,202,5856,0.32,1,100,47.45,0
7.529,0,0,11.1,100,14.25,2.51,196,1,0,0,2181.1,7,55,81,245.7,4.5,202,5856,1.09,1,100,47.45,0
7.547,0,0,11.12,100,13.8,2.53,196,1,0,0,2187.8,7,55,81,251.2,4.46,202,5863,1.38,1,100,48.24,0
7.559,0,0,10.97,100,13.76,2.52,196,1,0,0,2164,7,55,81,248.16,4.46,202,5870,1.38,1,100,48.24,0
7.571,0,0,10.93,100,14,2.53,196,1,0,0,2153.1,6.5,54,81,248.95,4.46,202,5885,1.28,1,100,47.84,0
7.583,0,0,10.92,100,14.08,2.51,196,1,0,0,2227.6,6.5,54,81,248.03,4.46,202,5896,1.03,1,100,47.84,0
7.61,0,0,10.87,100,14.29,2.48,196,1,0,-1.41,2109.5,6.5,54,81,245.6,4.46,202,5919,0.74,1,100,47.84,0
7.621,0,0,10.84,100,14.37,2.52,196,1,0,-1.41,2049.2,6,55,81,248.1,4.48,202,5915,0.77,1,100,47.45,0
7.633,0,0,10.88,100,14.61,2.51,196,1,0,-1.41,2051.2,6,55,81,246.9,4.48,202,5915,0.77,1,100,47.45,0
7.645,0,0,10.94,100,13.72,2.5,196,1,0,-1.41,2069.2,6,55,81,247.63,4.46,202,5919,0.63,1,100,48.24,0
7.671,0,0,10.98,100,14.92,2.5,196,1,0,-1.41,2061.2,6,55,81,246.4,4.46,202,5919,0.33,1,100,48.24,0
7.683,0,0,10.99,100,15.13,2.48,196,1,0,-1.41,2057.4,6,55,81,242.52,4.46,202,5919,0.03,1,100,48.24,0
7.701,0,0,10.95,100,15.3,2.47,196,1,0,-1.41,2191.6,6,55,81,243.38,4.48,202,5930,0.03,1,100,47.84,0
7.713,0,0,11,100,15.4,2.46,196,1,0,-1.41,2273.6,6,55,81,245.5,4.48,202,5945,-0.24,1,100,47.84,0
7.725,0,0,11.04,100,15.53,2.46,196,1,0,-1.41,2125.6,6,55,81,244.82,4.48,202,5960,-0.47,1,100,47.84,0
7.738,0,0,11,100,15.55,2.47,196,1,0,-1.41,2132.9,6,55,81,246.49,4.48,202,5948,-0.53,1,100,47.45,0
7.753,0,0,11.04,100,15.58,2.51,196,1,0,-1.41,2247.1,6,55,81,246.73,4.48,202,5956,-0.53,1,100,47.45,0
7.765,0,0,11.09,100,15.58,2.44,196,1,0,-1.41,2250.4,6.5,55,81,246.64,4.48,202,5967,-0.58,1,100,47.45,0
7.791,0,0,11.09,100,15.5,2.5,196,1,0,-1.41,2120.3,6.5,55,81,247.67,4.48,202,5964,-0.58,1,100,47.45,0
7.803,0,0,11.09,100,15.55,2.47,196,1,0,-1.41,2095.7,6.5,55,81,248.18,4.48,202,5967,-0.56,1,100,47.45,0
7.822,0,0,11.05,100,15.5,2.51,196,1,0,-1.41,2119.9,6,55,81,247.74,4.5,202,5967,-0.56,1,100,47.45,0
7.834,0,0,11.04,100,14.16,2.46,196,1,0,-1.41,2209.2,6,55,81,248.5,4.5,202,5975,-0.65,1,100,47.45,0
7.855,0,0,11.02,100,15.4,2.51,196,1,0,-1.41,2231.5,6,55,81,249.14,4.48,202,5987,-0.46,1,100,47.45,0
7.86,0,0,11,100,15.35,2.48,196,1,0,-1.41,2133.1,6,55,81,251.98,4.48,202,5994,-0.49,1,100,47.45,0
7.882,0,0,10.95,100,15.27,2.5,196,1,0,-1.41,2305.1,6,55,81,248.18,4.48,202,6002,-0.49,1,100,47.45,0
7.894,0,0,10.91,100,15.26,2.52,196,1,0,-1.41,2183.1,6.5,55,81,254.16,4.5,202,6025,-0.43,1,100,47.45,0
7.911,0,0,10.92,100,15.36,2.48,196,1,0,-1.41,2157.7,6.5,55,81,252.05,4.5,202,6029,-0.48,1,100,47.45,0
7.924,0,0,10.84,100,15.4,2.51,196,1,0,-1.41,2114.9,6.5,55,81,252.66,4.5,202,6029,-0.89,1,100,47.45,0
7.936,0,0,10.78,100,15.4,2.48,196,1,0,-1.41,2136,6.5,54,81,250.29,4.5,202,6040,-0.89,1,100,45.88,0
7.949,0,0,10.81,100,15.38,2.5,196,1,0,-1.41,2242.7,6.5,54,81,254.96,4.5,202,6044,-0.68,1,100,45.88,0
7.963,0,0,10.78,100,15.39,2.51,196,1,0,-1.41,2126,6.5,54,82,251.79,4.5,202,6040,-0.67,1,100,47.06,0
7.983,0,0,10.83,100,15.35,2.5,196,1,0,-1.41,2060,6.5,54,82,251.55,4.5,202,6037,-0.91,1,100,47.06,0
8,0,0,10.8,100,15.53,2.48,196,1,0,-1.41,2200.8,6.5,54,82,250.2,4.5,202,6052,-0.91,1,100,47.06,0
8.012,0,0,10.8,100,15.38,2.5,196,1,0,-1.41,2299.4,6.5,54,82,253.29,4.5,202,6056,-1.02,1,100,45.88,0
8.023,0,0,10.81,100,15.39,2.46,196,1,0,-1.41,2207.9,6.5,54,82,249.07,4.5,202,6072,-0.74,1,100,45.88,0
8.036,0,0,10.77,100,15.34,2.51,196,1,0,-1.41,2133.5,6.5,54,82,257.84,4.5,202,6072,-0.74,1,100,45.88,0
8.052,0,0,10.78,100,15.25,2.47,196,1,0,-1.41,2140.7,6,54,82,250.51,4.5,202,6076,-0.74,1,100,46.67,0
8.072,0,0,10.85,100,15.17,2.51,196,1,0,-1.41,2171.1,6,54,82,255.82,4.5,202,6084,-0.9,1,100,46.67,0
8.089,0,0,10.85,100,14.95,2.51,196,1,0,-1.41,2183.3,6,54,82,255.17,4.5,202,6099,-0.76,1,100,46.67,0
8.101,0,0,10.89,100,14.71,2.52,196,1,0,-1.41,2093,6.5,54,82,255.95,4.52,202,6099,-0.76,1,100,45.88,0
8.113,0,0,10.78,100,14.56,2.53,196,1,0,-1.41,2043.4,6.5,54,82,259.04,4.52,202,6099,-0.44,1,100,45.88,0
8.125,0,0,10.76,100,14.3,2.52,196,1,0,-1.41,2219.5,6,54,82,255.75,4.48,202,6096,-0.17,1,100,46.27,0
8.15,0,0,10.66,100,14.13,2.55,196,1,0,-1.41,2224.7,6,54,82,257.12,4.48,202,6092,0.1,1,100,46.27,0
8.162,0,0,10.65,100,13.98,2.5,196,1,0,-1.41,2191,6,54,82,256.81,4.48,202,6099,0.25,1,100,46.27,0
8.18,0,0,10.58,100,13.85,2.52,196,1,0,-1.41,2176.8,6.5,54,82,256.71,4.5,202,6111,0.25,1,100,46.27,0
8.192,0,0,10.63,100,13.6,2.5,196,1,0,-1.41,2216.5,6.5,54,82,258.83,4.5,202,6123,0.38,1,100,46.27,0
8.212,0,0,10.65,100,13.44,2.5,196,1,0,-1.41,2164,6.5,54,82,256.21,4.5,202,6131,0.64,1,100,46.27,0
8.224,0,0,10.57,100,13.47,2.5,196,1,0,-1.41,2208.5,6.5,54,82,258.45,4.5,202,6123,0.76,1,100,46.67,0
8.245,0,0,10.47,100,13.9,2.5,196,1,0,-1.41,2068,6.5,54,82,254.57,4.5,202,6123,0.76,1,100,46.67,0
8.249,0,0,10.48,100,14.25,2.48,196,1,0,-1.41,2199.9,7,54,82,251.32,4.48,202,6135,0.16,1,100,46.27,0
8.263,0,0,10.53,100,14.63,2.47,196,1,0,-1.41,2263.6,7,54,82,254.29,4.48,202,6168,-0.26,1,100,46.27,0
8.275,0,0,10.6,100,14.78,2.47,196,1,0,-1.41,2106.7,7,54,82,250.53,4.48,202,6172,-0.74,1,100,46.27,0
8.301,0,0,10.68,100,14.83,2.42,196,1,0,-1.41,2138.2,7.5,54,82,250.95,4.48,202,6168,-0.74,1,100,45.88,0
8.313,0,0,10.72,100,14.66,2.44,196,1,0,-1.41,2113.4,7.5,54,82,251.45,4.48,202,6168,-0.78,1,100,45.88,0
8.33,0,0,10.85,100,13.52,2.43,196,1,0,-1.41,2155.6,7.5,54,82,252.57,4.48,202,6168,-0.59,1,100,45.88,0
8.342,0,0,10.94,100,14.22,2.46,196,1,0,-1.41,2160.9,7,54,82,254.95,4.52,202,6176,-0.24,1,100,45.88,0
8.354,0,0,10.87,100,13.91,2.46,196,1,0,-1.41,2175,7,54,82,253.84,4.52,202,6188,-0.24,1,100,45.88,0
8.368,0,0,10.85,100,13.89,2.47,196,1,0,-1.41,2269.9,7,54,82,257.01,4.5,202,6180,0.07,1,100,46.27,0
8.382,0,0,10.75,100,13.52,2.43,196,1,0,-1.41,2131.6,7,54,82,252.22,4.5,202,6192,0.4,1,100,46.27,0
8.402,0,0,10.72,100,13.42,2.46,196,1,0,-1.41,2268.4,7,54,82,256.78,4.5,202,6192,0.53,1,100,46.27,0
8.419,0,0,10.75,100,13.9,2.44,196,1,0,-1.41,2184.6,6.5,54,84,252.36,4.5,202,6204,0.53,1,100,46.67,0
8.431,0,0,10.85,100,13.37,2.46,196,1,0,-1.41,2149.2,6.5,54,84,254.34,4.5,202,6213,-0.07,1,100,46.67,0
8.443,0,0,10.74,100,14.93,2.42,196,1,0,-1.41,2154.7,6.5,54,84,251.34,4.5,202,6221,0.21,1,100,46.67,0
8.455,0,0,10.78,100,14.87,2.42,196,1,0,-1.41,2327.5,7.5,54,84,250.8,4.5,202,6229,-1.03,1,100,46.27,0
8.479,0,0,10.77,100,14.77,2.38,196,1,0,-1.41,2142.4,7.5,54,84,251.65,4.5,202,6246,-1.03,1,100,46.27,0
8.492,0,0,10.81,100,14.42,2.42,196,1,0,-1.41,2163.8,7.5,54,84,251.78,4.48,202,6238,-0.99,1,100,45.49,0
8.51,0,0,10.84,100,14.35,2.44,196,1,0,-1.41,2225.5,7.5,54,84,253.8,4.48,202,6225,-0.47,1,100,45.49,0
8.522,0,0,10.96,100,13.68,2.44,196,1,0,-1.41,2244.4,7.5,54,84,254.78,4.48,202,6229,0.1,1,100,45.49,0
8.534,0,0,10.95,100,13.29,2.46,196,1,0,-1.41,2170,7.5,54,84,256.56,4.5,202,6238,0.1,1,100,46.27,0
8.546,0,0,10.83,100,13.74,2.47,196,1,0,-1.41,2201,7.5,54,84,255.64,4.5,202,6225,0.51,1,100,46.27,0
8.572,0,0,10.76,100,13.72,2.44,196,1,0,-1.41,2186.2,8,54,84,253.95,4.5,202,6242,0.44,1,100,46.27,0
8.584,0,0,10.74,100,14.64,2.42,196,1,0,-1.41,2146.9,8,54,84,252.33,4.5,202,6254,-0.87,1,100,46.27,0
8.603,0,0,10.68,100,14.59,2.39,196,1,0,-1.41,2171.2,8,54,84,253.21,4.5,202,6254,-0.87,1,100,46.27,0
8.615,0,0,10.74,100,14.25,2.43,196,1,0,-1.41,2331.3,7.5,54,84,255.83,4.52,202,6267,-0.84,1,100,45.49,0
8.636,0,0,10.81,100,13.87,2.42,196,1,0,-1.41,2164,7.5,54,84,255.26,4.52,202,6279,-0.4,1,100,45.49,0
8.641,0,0,10.8,100,13.26,2.46,196,1,0,-1.41,2078.9,7.5,54,84,259.28,4.52,202,6300,-0.07,1,100,45.49,0
8.662,0,0,10.77,100,13.52,2.43,196,1,0,-1.41,2165.4,7.5,54,84,256.71,4.52,202,6296,0.09,1,100,45.88,0
8.674,0,0,10.74,100,13.9,2.46,196,1,0,-1.41,2131.4,7.5,54,84,258.33,4.52,202,6283,0.09,1,100,45.88,0
8.691,0,0,10.72,100,14.64,2.43,196,1,0,-1.41,2281.3,8,54,84,251.89,4.52,202,6283,0.23,1,100,46.27,0
8.703,0,0,10.72,100,14.74,2.4,196,1,0,-1.41,2219.2,8,54,84,253.68,4.52,202,6296,-1.08,1,100,46.27,0
8.721,0,0,10.69,100,13.18,2.37,196,1,0,-1.41,2126,8,54,84,251.59,4.52,202,6300,-1.08,1,100,46.27,0
8.733,0,0,10.68,100,13.99,2.4,196,1,0,-1.41,2111.3,8,54,84,257.44,4.5,202,6313,0.42,1,100,46.27,0
8.745,0,0,10.74,100,13.58,2.4,196,1,0,-1.41,2262.3,8,54,84,257.43,4.5,202,6326,-0.33,1,100,46.27,0
8.757,0,0,10.82,100,13.31,2.46,196,1,0,-1.41,2146.6,8,54,84,255.46,4.5,202,6321,0.22,1,100,46.27,0
8.783,0,0,10.85,100,13.51,2.4,196,1,0,-1.41,2166.9,8.5,54,84,257.4,4.5,202,6334,-0.03,1,100,45.88,0
8.795,0,0,10.73,100,14.43,2.4,196,1,0,-1.41,2125.6,8.5,54,84,255.2,4.5,202,6343,-0.03,1,100,45.88,0
8.812,0,0,10.66,100,14.35,2.4,196,1,0,-1.41,2235.4,8,54,84,253.97,4.52,202,6339,-0.99,1,100,45.1,0
8.824,0,0,10.7,100,13.8,2.42,196,1,0,-1.41,2292.1,8,54,84,255.46,4.52,202,6326,-0.06,1,100,45.1,0
8.843,0,0,10.72,100,13.29,2.42,196,1,0,-1.41,2180,8,54,84,255.25,4.52,202,6330,0.21,1,100,45.1,0
8.854,0,0,10.71,100,13.27,2.4,196,1,0,-1.41,2121.3,8,54,84,257.31,4.52,202,6343,0.21,1,100,45.88,0
8.874,0,0,10.69,100,13.31,2.43,196,1,0,-1.41,2126.3,8,54,84,254.11,4.52,202,6352,0.22,1,100,45.88,0
8.887,0,0,10.68,100,14.57,2.42,196,1,0,-1.41,2110.6,8,54,86,256.64,4.52,202,6360,-1.06,1,100,45.88,0
8.902,0,0,10.71,100,14.46,2.35,196,1,0,-1.41,2243.3,8,54,86,251.04,4.48,202,6364,-1.08,1,100,45.1,0
8.914,0,0,10.69,100,13.71,2.39,196,1,0,-1.41,2086.5,8,54,86,255.67,4.48,202,6378,-1.08,1,100,45.1,0
8.926,0,0,10.68,100,13.14,2.37,196,1,0,-1.41,2210.1,8,54,86,253,4.5,202,6378,-0.37,1,100,45.49,0
8.94,0,0,10.74,100,13.3,2.4,196,1,0,-1.41,2202,8,54,86,255.99,4.5,202,6378,0.07,1,100,45.49,0
8.954,0,0,10.74,100,14.32,2.38,196,1,0,-1.41,2086,8,54,86,253.69,4.5,202,6369,-0.95,1,100,45.49,0
8.969,0,0,10.79,100,14.36,2.39,196,1,0,-1.41,2224.6,8,54,86,252.91,4.54,202,6369,-0.95,1,100,45.1,0
8.983,0,0,10.87,100,13.49,2.37,196,1,0,-1.41,2124.1,8,54,86,253.3,4.54,202,6369,-0.89,1,100,45.1,0
8.995,0,0,10.88,100,13.5,2.4,196,1,0,-1.41,2076.8,8,54,86,256.59,4.54,202,6378,-0.21,1,100,45.1,0
9.021,0,0,10.79,100,13.26,2.39,196,1,0,-1.41,2294.3,8.5,54,86,256.45,4.5,203,6390,-0.21,1,100,45.49,0
9.033,0,0,10.75,100,14.37,2.4,196,1,0,-1.41,2264,8.5,54,86,259.67,4.5,203,6404,0.04,1,100,45.49,0
9.045,0,0,10.61,100,14.49,2.35,196,1,0,-1.41,2280.9,9,54,86,250.72,4.5,203,6408,-1.13,1,100,44.71,0
9.057,0,0,10.67,100,14.3,2.39,196,1,0,-1.41,2145.4,9,54,86,256.24,4.5,203,6426,-1.2,1,100,44.71,0
9.083,0,0,10.68,100,13.28,2.39,196,1,0,-1.41,2124.6,9,54,86,252.76,4.5,203,6426,-0.05,1,100,44.71,0
9.095,0,0,10.82,100,13.17,2.39,196,1,0,-1.41,2222,8.5,54,86,259.2,4.48,203,6434,-0.05,1,100,45.49,0
9.113,0,0,10.76,100,13.76,2.38,196,1,0,-1.41,2103.4,8.5,54,86,252.86,4.48,203,6430,0.17,1,100,45.49,0
9.125,0,0,10.78,100,14.38,2.37,196,1,0,-1.41,2261.1,8.5,54,86,254.8,4.48,203,6434,-1.06,1,100,45.49,0
9.143,0,0,10.76,100,13.61,2.34,196,1,0,-1.41,2140.8,9,54,86,257.46,4.5,203,6443,-0.55,1,100,44.71,0
9.155,0,0,10.75,100,13.04,2.38,196,1,0,-1.41,2213.7,9,54,86,253.64,4.5,203,6439,-0.55,1,100,44.71,0
9.173,0,0,10.83,100,13.09,2.37,196,1,0,0,2131.4,9,54,86,259.87,4.52,203,6434,0.16,1,100,45.49,0
9.185,0,0,10.75,100,14.28,2.38,196,1,0,0,2119.3,9,54,86,256.29,4.52,203,6452,-0.45,1,100,45.49,0
9.206,0,0,10.76,100,14.23,2.37,196,1,0,0,2224.6,9,54,86,256.98,4.52,203,6456,-1.04,1,100,45.49,0
9.21,0,0,10.76,100,13.71,2.35,196,1,0,0,2097.6,10.5,54,86,255.16,4.52,203,6474,-1.04,1,100,44.71,0
9.223,0,0,10.71,100,13.12,2.34,196,1,0,0,2211,10.5,54,86,259.51,4.52,203,6483,-0.11,1,100,44.71,0
9.245,0,0,10.69,100,13.88,2.37,196,1,0,0,2114.5,10.5,54,86,256.3,4.52,203,6488,-0.27,1,100,44.71,0
9.261,0,0,10.75,100,13.9,2.34,196,1,0,0,2214.8,10.5,54,86,254.38,4.52,203,6479,0.23,1,100,45.1,0
9.283,0,0,10.75,100,12.9,2.35,196,1,0,0,2099.7,10.5,54,86,254.61,4.52,203,6479,-0.18,1,100,45.1,0
9.295,0,0,10.75,100,12.92,2.34,196,1,0,0,2152.8,10.5,54,86,257.5,4.52,203,6465,0.25,1,100,45.1,0
9.321,0,0,10.7,100,14.12,2.37,196,1,0,0,2177,10.5,54,86,252.21,4.52,203,6465,0.25,1,100,45.1,0
9.333,0,0,10.66,100,14.01,2.34,196,1,0,0,2137.8,10.5,54,86,254.01,4.5,203,6479,-0.95,1,100,44.71,0
9.345,0,0,10.59,100,12.92,2.38,196,1,0,0,2241.6,10.5,54,86,256.63,4.5,203,6488,-0.29,1,100,44.71,0
9.357,0,0,10.64,100,13.24,2.35,196,1,0,0,2112.3,10.5,54,86,256.68,4.5,203,6515,0.34,1,100,44.71,0
9.379,0,0,10.68,96.9,14.03,2.38,196,1,0,0,2148.5,10.5,54,86,255.15,4.48,203,6519,-0.83,1,100,45.49,0
9.391,0,0,10.68,79.2,13.35,2.31,196,1,0,0,2130.2,10.5,54,86,257.07,4.48,203,6542,-0.45,1,100,45.49,0
9.417,0,0,10.61,51.4,12.66,2.33,196,1,0,0,2160.2,10.5,54,88,254.84,4.5,203,6533,-0.45,1,100,44.71,0
9.447,0,0,10.62,36.5,13.99,2.37,196,1,0,0,2124.9,10.5,54,88,251.37,4.5,203,6533,-4.96,1,100,44.71,0
9.449,0,0,10.61,1.6,14.13,2.33,196,1,0,0,2145.4,10.5,54,88,254.29,4.5,203,6529,-10.4,1,100,44.71,0
9.464,0,0,10.67,0,12.23,2.28,196,1,0,0,2240.8,10,54,88,253.28,4.48,203,6538,-10.38,1,40,15.29,0
9.488,0,0,10.72,0,11.93,2.24,196,1,0,0,1892,10,54,88,244.55,4.48,203,6529,-18.56,1,40,15.29,0
9.499,0,0,10.68,0,9.99,2.21,196,1,0,0,1010,11,54,88,234.6,4.46,203,6506,-18.56,1,9,0,0
9.534,0,0,10.7,0,3.27,2.04,196,1,0,0,660.3,11,54,88,217.14,4.46,203,6465,-18.56,1,9,0,0
9.552,0,0,11.37,0,-3.52,1.5,196,1,0,0,792.4,11.5,54,88,149.28,2.38,203,6250,-8.28,1,8,0,0
9.564,0,0,11.51,0,-4.23,1.37,196,1,0,0,964.4,11.5,54,88,130.96,2.38,203,6213,-6.45,1,8,0,0
9.577,0,0,11.76,0,-5.72,1.1,196,1,0,0,574.5,11,54,88,102.61,2.58,203,6176,-5.02,1,8,0,0
9.589,0,0,12,0,-5.96,0.94,196,1,0,0,563.7,11,54,88,89.01,2.58,203,6180,-5.02,1,8,0,0
9.601,0,0,12.35,0,-7.37,0.75,196,1,0,0,579.7,11,54,86,77.4,2.58,203,6180,-3.84,1,8,0,0
9.628,0,0,12.24,0,-8.01,0.59,196,1,0,0,528.9,11,54,86,61.5,1.6,203,6155,-3.1,1,8,0,0
9.639,0,0,12.21,0,-8.33,0.54,196,1,0,0,582.1,11,54,86,51.08,1.6,203,6135,-2.57,1,8,0,0
9.651,0,0,11.96,0,-8.95,0.44,196,1,0,0,591.1,10.5,54,86,42.8,1.48,203,6107,-2.57,1,8,0,0
9.663,0,0,11.93,0,-9.4,0.39,196,1,0,0,429.5,10.5,54,86,36.59,1.48,203,6084,-1.88,1,8,0,0
9.675,0,0,12.11,0,-9.9,0.31,196,1,0,0,453.6,10.5,54,86,32.19,1.48,203,6040,-1.42,1,8,0,0
9.7,0,0,12.01,0,-10.03,0.3,196,1,0,0,486.3,12.5,54,86,27.37,1.22,203,6021,-1,1,9,0,0
9.711,0,0,11.92,0,-10.31,0.25,196,1,0,0,398.9,12.5,54,84,23.73,1.22,203,5979,-1,1,9,0,0
9.723,0,0,11.88,0,-10.66,0.22,196,1,0,0,354.4,11.5,54,84,21.22,1.22,203,5967,-0.69,1,9,0,0
9.735,0,0,12.08,0,-10.85,0.18,196,1,0,0,489.4,11.5,54,84,19.05,1.22,203,5933,-0.31,1,9,0,0
9.762,0,0,12.3,0,-11.22,0.18,196,1,0,0,427.5,11.5,54,84,16.72,1.22,203,5919,0.13,1,9,0,0
9.774,0,0,12.9,0,-11.35,0.16,196,1,0,0,363.2,12,55,84,14.76,1.42,203,5889,0.13,1,9,0,0
9.799,0,0,12.68,0,-11.6,0.14,196,1,0,0,290.1,12,55,84,13.7,1.42,203,5870,0.44,1,9,0,0
9.8,0,0,12,0,-11.68,0.13,196,1,0,0,373.6,12,55,84,13,1.42,203,5834,0.65,1,9,0,0
9.812,0,0,12.35,0,-11.74,0.13,196,1,0,0,349.9,13,55,84,12.26,1.38,203,5812,0.75,1,9,0,0
9.834,0,0,12.7,0,-11.85,0.12,196,1,0,0,330.9,13,55,84,11.64,1.38,203,5776,0.75,1,9,0,0
9.846,0,0,12.99,0,-11.85,0.12,196,1,0,0,420,13.5,55,82,11.27,1.42,203,5762,0.86,1,9,0,0
9.866,0,0,13.38,0,-11.89,0.1,196,1,0,0,353.4,13.5,55,82,11.08,1.42,203,5723,0.87,1,9,0,0
9.88,0,0,13.93,0,-12.05,0.1,196,1,0,0,341.4,13.5,55,82,10.58,1.42,203,5696,0.98,1,9,0,0
9.906,0,0,14.28,0,-12.18,0.1,196,1,0,0,340.5,14,55,82,10.4,1.42,203,5678,1.14,1,9,0,0
9.923,0,0,14.88,0,-12.16,0.1,196,1,0,0,325.2,14,55,82,10.13,1.42,203,5637,1.16,1,9,0,0
9.928,0,0,15.33,0,-12.15,0.1,196,1,0,0,367.3,14.5,55,82,9.95,1.4,203,5600,1.16,1,9,0,0
9.943,0,0,15.95,0,-12.1,0.1,196,1,0,0,376.4,14.5,55,82,9.78,1.4,203,5580,1.14,1,9,0,0
9.968,0,0,16.71,0,-12.23,0.1,196,1,0,0,356.3,14.5,55,82,9.68,1.4,203,5541,1.09,1,9,0,0
9.983,0,0,17.5,0,-12.3,0.1,196,1,0,0,363.3,15,55,82,9.53,1.44,203,5518,1.24,1,9,0,0
9.995,0,0,17.89,0,-12.25,0.09,196,1,0,0,342.7,15,55,82,9.4,1.44,203,5482,1.24,1,9,0,0
10.013,0,0,18.65,0,-12.19,0.09,196,1,0,0,306.6,15.5,55,82,9.29,1.46,203,5463,1.17,1,9,0,0
10.025,0,0,18.98,0,-12.29,0.09,196,1,0,0,358.2,15.5,55,82,9.21,1.46,203,5435,1.08,1,9,0,0
10.043,0,0,19.13,0,-12.37,0.09,196,1,0,0,382.9,15.5,55,82,9.13,1.46,203,5416,1.25,1,9,0,0
10.055,0,0,20.17,0,-12.35,0.09,196,1,0,0,347.8,16.5,55,82,9.06,1.5,203,5379,1.25,1,9,0,0
10.067,0,0,20.19,0,-12.29,0.09,196,1,0,0,336.3,16.5,55,82,8.98,1.5,203,5363,1.15,1,9,0,0
10.079,0,0,20.39,0,-12.43,0.09,196,1,0,0,353.3,16.5,55,82,8.93,1.5,203,5321,1.2,1,9,0,0
10.105,0,0,21.58,0,-12.33,0.09,196,1,0,0,361,17,55,82,8.87,1.48,203,5294,1.17,1,9,0,0
10.117,0,0,21.06,0,-12.32,0.09,196,1,0,0,366.3,17,55,82,8.84,1.48,203,5273,1.12,1,9,0,0
10.137,0,0,21.58,0,-12.4,0.09,196,1,0,0,375.5,17,55,82,8.82,1.52,203,5237,1.12,1,9,0,0
10.149,0,0,22.2,0,-12.31,0.09,196,1,0,0,380.8,17,55,82,8.81,1.52,203,5220,1.17,1,9,0,0
10.161,0,0,22.2,0,-12.44,0.09,196,1,0,0,386.1,17,55,82,8.8,1.52,203,5203,1.1,1,9,0,0
10.184,0,0,22.2,0,-12.29,0.09,196,1,0,0,392.8,17,55,82,8.85,1.5,203,5151,1.1,1,9,0,0
10.196,0,0,22.2,0,-12.42,0.1,196,1,0,0,398.1,17,55,82,8.86,1.5,203,5131,1.07,1,9,0,0
10.211,0,0,22.2,0,-12.33,0.1,196,1,0,0,408.7,17,55,82,8.88,1.52,203,5095,1.11,1,9,0,0
10.224,0,0,22.2,0,-12.42,0.1,196,1,0,0,408.7,17,55,82,8.9,1.52,203,5054,1.11,1,9,0,0
10.249,0,0,22.2,0,-12.31,0.1,196,1,0,0,417.9,17,55,82,8.9,1.5,203,5038,1.1,1,8,0,0
10.261,0,0,22.2,0,-12.42,0.1,196,1,0,0,420.4,17,55,82,8.87,1.5,203,5008,0.99,1,8,0,0
10.279,0,0,22.2,0,-12.4,0.1,196,1,0,0,424.7,17,55,82,8.87,1.5,203,4992,1.05,1,8,0,0
10.291,0,0,22.2,0,-12.42,0.1,196,1,0,0,430,17,55,81,8.91,1.48,203,4973,1.05,1,8,0,0
10.303,0,0,22.2,0,-12.41,0.1,196,1,0,0,435.3,17,55,81,8.91,1.48,203,4947,1.05,1,8,0,0
10.315,0,0,22.2,0,-12.33,0.1,196,1,0,0,440.5,17,55,81,8.89,1.48,203,4924,0.94,1,8,0,0
10.341,0,0,22.2,0,-12.28,0.1,196,1,0,0,445.9,17,55,81,8.85,1.48,203,4893,0.96,1,8,0,0
10.353,0,0,22.2,0,-12.42,0.1,196,1,0,0,447,17,55,81,8.85,1.48,203,4852,0.96,1,8,0,0
10.371,0,0,22.2,0,-12.38,0.1,196,1,0,0,452.3,17,55,81,8.83,1.46,203,4845,0.98,1,8,0,0
10.383,0,0,22.2,0,-12.41,0.1,196,1,0,0,460.4,17,55,81,8.82,1.46,203,4810,0.96,1,8,0,0
10.394,0,0,22.2,0,-12.35,0.1,196,1,0,0,461.8,17,55,81,8.81,1.46,203,4790,0.89,1,8,0,0
10.408,0,0,22.2,0,-12.4,0.1,196,1,0,0,467.1,17,55,81,8.8,1.44,203,4761,0.89,1,8,0,0
10.422,0,0,22.2,0,-12.41,0.1,196,1,0,0,472.4,17,55,81,8.79,1.44,203,4744,0.91,1,8,0,0
10.442,0,0,22.2,0,-12.29,0.1,196,1,0,0,473.5,17,55,81,8.79,1.44,203,4709,0.84,1,8,0,0
10.459,0,0.78,22.2,0,-12.41,0.1,196,1,0,0,477.8,17,55,81,8.79,1.44,203,4690,0.85,1,8,0,0
10.471,0,0.78,22.2,0,-12.45,0.1,196,1,0,0,483,17,55,81,8.77,1.44,203,4680,0.85,1,8,0,0
10.483,0,0.78,22.2,0,-12.44,0.1,196,1,0,0,488,17,55,81,8.73,1.44,203,4646,0.87,1,8,0,0
10.495,0,1.56,22.2,0,-12.47,0.1,196,1,0,0,488.4,17,55,82,8.69,1.44,203,4627,0.85,1,8,0,0
10.52,0,1.56,22.2,0,-12.4,0.1,196,1,0,0,493.7,17,55,82,8.67,1.44,203,4602,0.76,1,8,0,0
10.532,0,2.34,22.2,0,-12.32,0.1,196,1,0,0,499,17,55,82,8.65,1.4,203,4564,0.76,1,8,0,0
10.55,0,2.34,22.2,0,-12.37,0.1,196,1,0,0,502.9,17,55,81,8.68,1.4,203,4557,0.69,1,8,0,0
10.562,0,2.34,22.2,0,-12.37,0.1,196,1,0,0,504.3,17,55,82,8.62,1.4,203,4538,0.66,1,8,0,0
10.58,0,3.12,22.2,0,-12.39,0.1,196,1,0,0,509.2,17,55,82,8.57,1.38,203,4501,0.64,1,8,0,0
10.592,0,3.12,22.2,0,-12.32,0.1,196,1,0,0,509.6,17,55,82,8.58,1.38,203,4494,0.64,1,8,0,0
10.604,0,3.12,22.2,0,-12.39,0.1,196,1,0,0,514.9,17,55,82,8.54,1.4,204,4462,0.61,1,8,0,0
10.619,0,3.12,22.2,0,-12.4,0.1,196,1,0,0,520.2,17,55,82,8.53,1.4,204,4443,0.59,1,8,0,0
10.634,0,3.12,22.2,0,-12.41,0.1,196,1,0,0,525.5,17,55,82,8.46,1.4,204,4414,0.58,1,8,0,0
10.649,0,3.12,22.2,0,-12.44,0.1,198,1,0,0,525.5,17,55,82,8.38,1.38,204,4381,0.58,1,8,0,0
10.66,0,3.12,22.2,0,-12.53,0.1,198,1,0,0,530.8,17,55,82,8.34,1.38,204,4371,0.63,1,8,0,0
10.683,0,3.12,22.2,0,-12.52,0.1,198,1,0,0,535.8,17,55,82,8.24,1.38,204,4336,0.74,1,8,0,0
10.698,0,3.12,22.2,0,-12.48,0.1,198,1,0,0,536.1,17,55,82,8.23,1.4,204,4328,0.73,1,8,0,0
10.72,0,3.12,22.2,0,-12.34,0.1,198,1,0,0,541.5,17,55,82,8.17,1.4,204,4277,0.6,1,8,0,0
10.732,0,3.12,22.2,0,-12.49,0.1,198,1,0,0,545.3,17,55,82,8.11,1.38,204,4265,0.6,1,8,0,0
10.76,0,3.12,22.2,0,-12.55,0.1,198,1,0,0,546.8,17,55,82,8.06,1.38,204,4232,0.7,1,8,0,0
10.763,0,3.12,22.2,0,-12.38,0.1,198,1,0,0,552.1,17,55,82,8.07,1.36,204,4225,0.77,1,8,0,0
10.777,0,3.12,22.2,0,-12.45,0.1,198,1,0,0,557.3,17,55,82,8.03,1.36,204,4191,0.65,1,8,0,0
10.807,0,3.12,22.2,0,-12.54,0.1,198,1,0,0,562.6,17,55,82,7.98,1.38,204,4161,0.67,1,8,0,0
10.828,0,3.12,22.2,0,-12.33,0.1,198,1,0,0,562.7,17,55,82,8,1.38,204,4130,0.69,1,8,0,0
10.843,0,3.12,22.2,0,-12.52,0.12,198,1,0,0,568,17,55,82,7.98,1.38,204,4117,0.78,1,8,0,0
10.855,0,3.12,22.2,0,-12.47,0.12,198,1,0,0,568,17,55,82,7.9,1.36,204,4083,0.78,1,8,0,0
10.868,0,3.12,22.2,0,-12.48,0.12,198,1,0,0,573.3,17,55,82,7.93,1.36,204,4076,0.74,1,8,0,0
10.88,0,3.12,22.2,0,-12.47,0.12,198,1,0,0,578.3,17,55,82,7.91,1.36,204,4041,0.73,1,8,0,0
10.911,0,3.12,22.2,0,-12.37,0.12,198,1,0,0,578.6,17,55,82,7.9,1.34,204,4015,0.74,1,8,0,0
10.912,0,3.12,22.2,0,-12.5,0.12,198,1,0,0,583.9,17,55,82,7.86,1.34,204,3998,0.8,1,8,0,0
10.926,0,3.12,22.2,0,-12.34,0.12,198,1,0,0,583.9,17,55,82,7.8,1.36,204,3969,0.8,1,8,0,0
10.94,0,3.12,22.2,0,-12.48,0.12,198,1,0,0,589.2,17,55,82,7.79,1.36,204,3954,0.62,1,8,0,0
10.963,0,3.12,22.2,0,-12.35,0.12,198,1,0,0,589.2,17,55,82,7.82,1.36,204,3927,0.68,1,8,0,0
10.974,0,3.12,22.2,0,-12.43,0.12,198,1,0,0,594.5,17,55,82,7.76,1.36,204,3913,0.68,1,7,0,0
10.992,0,3.12,22.2,0,-12.46,0.12,198,1,0,0,594.5,17,55,82,7.75,1.36,204,3900,0.67,1,7,0,0
11.004,0,3.12,22.2,0,-12.26,0.12,198,1,0,0,599.8,17,55,82,7.69,1.36,204,3869,0.59,1,7,0,0
11.016,0,3.12,22.2,0,-12.45,0.12,198,1,0,0,600.9,17,55,82,7.67,1.36,204,3855,0.64,1,7,0,0
11.029,0,3.12,22.2,0,-12.22,0.12,198,1,0,0,605.2,17,55,82,7.61,1.36,204,3825,0.64,1,7,0,0
11.044,0,3.12,22.2,0,-12.39,0.12,198,1,0,0,606.2,17,55,82,7.65,1.32,204,3817,0.39,1,7,0,0
11.056,0,3.12,22.2,0,-12.16,0.12,198,1,0,0,610.5,17,55,82,7.6,1.32,204,3791,0.57,1,7,0,0
11.072,0,3.12,22.2,0,-12.26,0.12,198,1,0,0,615.8,17,55,82,7.58,1.32,204,3772,0.29,1,7,0,0
11.092,0,3.12,22.2,0,-12.36,0.12,198,1,0,0,615.8,17,55,82,7.53,1.34,204,3745,0.29,1,7,0,0
11.109,0,3.12,22.2,0,-12.11,0.12,198,1,0,0,621.1,17,55,82,7.54,1.34,204,3732,0.49,1,7,0,0
11.121,0,3.12,22.2,0,-12.23,0.12,198,1,0,0,621.1,17,55,82,7.52,1.34,204,3707,0.19,1,7,0,0
11.141,0,3.12,22.2,0,-12.35,0.12,198,1,0,0,626.4,17,55,82,7.47,1.32,204,3688,0.41,1,7,0,0
11.153,0,3.12,22.2,0,-12.09,0.12,198,1,0,0,626.4,17,55,82,7.47,1.32,204,3668,0.41,1,7,0,0
11.165,0,3.12,22.2,0,-12.26,0.12,198,1,0,0,631.7,17,55,82,7.4,1.34,204,3648,0.13,1,7,0,0
11.177,0,3.12,22.2,0,-12.31,0.12,198,1,0,0,635.6,17,55,82,7.42,1.34,204,3622,0.33,1,7,0,0
11.201,0,3.12,22.2,0,-12.05,0.12,198,1,0,0,637,17,55,82,7.43,1.34,204,3596,0.15,1,7,0,0
11.224,0,3.12,22.2,0,-12.19,0.12,198,1,0,0,642.3,17,55,82,7.36,1.32,204,3569,0.12,1,7,0,0
11.236,0,3.12,22.2,0,-12.29,0.12,198,1,0,0,642.3,17,55,82,7.36,1.32,204,3556,0.29,1,7,0,0
11.252,0,3.12,22.2,0,-12.05,0.12,198,1,0,0,647.6,17,55,82,7.35,1.32,204,3534,0.06,1,7,0,0
11.272,0,3.12,22.2,0,-12.13,0.12,198,1,0,0,647.6,17,55,82,7.31,1.32,204,3506,0.06,1,7,0,0
11.289,0,3.12,22.2,0,-12.22,0.12,198,1,0,0,652.9,17,55,82,7.28,1.32,204,3489,0.15,1,7,0,0
11.301,0,3.12,22.2,0,-12.18,0.12,198,1,0,0,652.9,17,55,82,7.31,1.32,204,3479,0.21,1,7,0,0
11.313,0,3.12,22.2,0,-11.98,0.12,198,1,0,0,658.2,17,55,82,7.28,1.32,204,3455,0.21,1,7,0,0
11.325,0,3.12,22.2,0,-12.03,0.12,198,1,0,0,658.2,17,55,82,7.26,1.34,204,3438,0.01,1,7,0,0
11.35,0,3.12,22.2,0,-12.12,0.12,198,1,0,0,663.5,17,55,82,7.24,1.34,204,3415,0.07,1,7,0,0
11.361,0,3.12,22.2,0,-12.17,0.12,198,1,0,0,663.5,17,55,82,7.2,1.34,204,3387,0.22,1,7,0,0
11.38,0,3.12,22.2,0,-11.92,0.12,198,1,0,0,668.8,17,55,82,7.18,1.32,204,3373,-0.02,1,7,0,0
11.392,0,3.12,22.2,0,-11.9,0.12,198,1,0,0,668.9,17,55,82,7.18,1.32,204,3351,-0.02,1,7,0,0
11.404,0,3.12,22.2,0,-11.93,0.13,198,1,0,0,674.2,17,55,82,7.11,1.34,204,3330,-0.04,1,7,0,0